Timestamp,Mental_Command,Confidence,Execution_Status,Network_Latency_ms,Motor_Command,Error
2026-08-17 14:37:29.871,neutral,1.0000,EXECUTED_NEUTRAL_STOP,0.00,STOP,None
2026-08-17 14:37:34.216,push,1.0000,EXECUTED_SUCCESS,0.00,FORWARD,None
2026-08-17 14:38:37.293,push,1.0000,EXECUTED_SUCCESS,0.00,FORWARD,None
2026-08-17 14:38:39.497,neutral,1.0000,EXECUTED_NEUTRAL_STOP,0.00,STOP,None
2026-08-17 14:38:43.852,push,1.0000,EXECUTED_SUCCESS,0.00,FORWARD,None
2026-08-17 14:50:46.861,push,1.0000,EXECUTED_SUCCESS,0.00,FORWARD,None
2026-08-17 14:50:49.239,neutral,1.0000,EXECUTED_NEUTRAL_STOP,0.00,STOP,None
2026-08-17 14:50:53.602,push,1.0000,EXECUTED_SUCCESS,0.00,FORWARD,None
2026-08-17 14:52:15.819,push,1.0000,EXECUTED_SUCCESS,0.00,FORWARD,None
2026-08-17 14:52:18.010,neutral,1.0000,EXECUTED_NEUTRAL_STOP,0.00,STOP,None
2026-08-17 14:52:22.375,push,1.0000,EXECUTED_SUCCESS,0.00,FORWARD,None
2026-08-17 15:09:27.100,push,1.0000,EXECUTED_SUCCESS,0.00,FORWARD,None
2026-08-17 15:09:29.284,neutral,1.0000,EXECUTED_NEUTRAL_STOP,0.00,STOP,None
2026-08-17 15:09:33.639,push,1.0000,EXECUTED_SUCCESS,0.00,FORWARD,None
2026-08-17 15:13:46.027,push,1.0000,EXECUTED_SUCCESS,0.00,FORWARD,None
2026-08-17 15:13:54.999,pull,1.0000,EXECUTED_SUCCESS,0.00,BACKWARD,None
2026-08-17 15:14:09.692,left,1.0000,EXECUTED_SUCCESS,0.00,LEFT,None
2026-08-17 15:14:39.962,push,1.0000,EXECUTED_SUCCESS,0.00,FORWARD,None
2026-08-17 15:14:55.481,push,1.0000,EXECUTED_SUCCESS,0.00,FORWARD,None
2026-08-17 15:15:37.606,pull,1.0000,EXECUTED_SUCCESS,0.00,BACKWARD,None
2026-08-17 15:15:50.274,left,1.0000,EXECUTED_SUCCESS,0.00,LEFT,None
2026-08-17 15:15:54.824,right,1.0000,EXECUTED_SUCCESS,0.00,RIGHT,None
2026-08-17 15:16:04.344,right,1.0000,EXECUTED_SUCCESS,0.00,RIGHT,None
2026-08-17 15:16:08.563,left,1.0000,EXECUTED_SUCCESS,0.00,LEFT,None
2026-08-17 15:16:11.897,push,1.0000,EXECUTED_SUCCESS,0.00,FORWARD,None
2026-08-17 15:16:16.335,right,1.0000,EXECUTED_SUCCESS,0.00,RIGHT,None
2026-08-17 15:35:21.298,push,1.0000,EXECUTED_SUCCESS,0.00,FORWARD,None
2026-08-17 15:35:23.504,neutral,1.0000,EXECUTED_NEUTRAL_STOP,0.00,STOP,None
2026-08-17 15:35:27.877,push,1.0000,EXECUTED_SUCCESS,0.00,FORWARD,None
2026-08-17 15:38:16.325,push,1.0000,EXECUTED_SUCCESS,0.00,FORWARD,None
2026-08-17 15:38:24.553,neutral,1.0000,EXECUTED_NEUTRAL_STOP,0.00,STOP,None
2026-08-17 15:38:29.086,pull,1.0000,EXECUTED_SUCCESS,0.00,BACKWARD,None
2026-08-17 15:38:39.524,left,1.0000,EXECUTED_SUCCESS,0.00,LEFT,None
2026-08-17 15:41:42.329,push,1.0000,EXECUTED_SUCCESS,0.00,FORWARD,None
2026-08-17 15:41:45.500,neutral,1.0000,EXECUTED_NEUTRAL_STOP,0.00,STOP,None
2026-08-17 15:41:50.870,pull,1.0000,EXECUTED_SUCCESS,0.00,BACKWARD,None
2026-08-17 15:41:54.090,neutral,1.0000,EXECUTED_NEUTRAL_STOP,0.00,STOP,None
2026-08-17 15:41:59.477,left,1.0000,EXECUTED_SUCCESS,0.00,LEFT,None
2026-08-17 15:42:02.683,neutral,1.0000,EXECUTED_NEUTRAL_STOP,0.00,STOP,None
2026-08-17 15:42:08.073,right,1.0000,EXECUTED_SUCCESS,0.00,RIGHT,None
2026-08-17 15:42:11.270,neutral,1.0000,EXECUTED_NEUTRAL_STOP,0.00,STOP,None
2026-08-17 15:48:23.046,push,1.0000,EXECUTED_SUCCESS,0.00,FORWARD,None
2026-08-17 15:48:27.358,neutral,1.0000,EXECUTED_NEUTRAL_STOP,0.00,STOP,None
2026-08-17 15:48:34.102,pull,1.0000,EXECUTED_SUCCESS,0.00,BACKWARD,None
2026-08-17 15:48:39.391,neutral,1.0000,EXECUTED_NEUTRAL_STOP,0.00,STOP,None
2026-08-17 15:52:39.780,push,1.0000,EXECUTED_SUCCESS,0.00,FORWARD,None
2026-08-18 09:20:01.181,push,0.9500,EXECUTED_SUCCESS,0.00,FORWARD,None
2026-08-18 09:29:11.027,push,1.0000,EXECUTED_SUCCESS,0.00,FORWARD,None
2026-08-18 09:29:13.284,neutral,1.0000,EXECUTED_NEUTRAL_STOP,0.00,STOP,None
2026-08-18 09:29:15.438,pull,1.0000,EXECUTED_SUCCESS,0.00,BACKWARD,None
2026-08-18 09:29:16.461,neutral,1.0000,EXECUTED_NEUTRAL_STOP,0.00,STOP,None
2026-08-18 09:29:17.922,left,1.0000,EXECUTED_SUCCESS,0.00,LEFT,None
2026-08-18 09:29:19.962,push,1.0000,EXECUTED_SUCCESS,0.00,FORWARD,None
2026-08-18 09:29:21.211,neutral,1.0000,EXECUTED_NEUTRAL_STOP,0.00,STOP,None
2026-08-18 09:29:22.699,neutral,1.0000,EXECUTED_NEUTRAL_STOP,0.00,STOP,None
2026-08-18 09:29:23.923,right,1.0000,EXECUTED_SUCCESS,0.00,RIGHT,None
2026-08-18 09:29:27.950,push,1.0000,EXECUTED_SUCCESS,0.00,FORWARD,None
2026-08-18 09:29:29.172,right,1.0000,EXECUTED_SUCCESS,0.00,RIGHT,None
2026-08-18 09:29:30.026,right,1.0000,EXECUTED_SUCCESS,0.00,RIGHT,None
2026-08-18 09:29:30.850,right,1.0000,EXECUTED_SUCCESS,0.00,RIGHT,None
2026-08-18 09:29:31.498,right,1.0000,EXECUTED_SUCCESS,0.00,RIGHT,None
2026-08-18 09:29:36.938,push,1.0000,EXECUTED_SUCCESS,0.00,FORWARD,None
2026-08-18 09:29:38.333,neutral,1.0000,EXECUTED_NEUTRAL_STOP,0.00,STOP,None
2026-08-18 09:29:40.060,pull,1.0000,EXECUTED_SUCCESS,0.00,BACKWARD,None
2026-08-18 09:29:41.667,neutral,1.0000,EXECUTED_NEUTRAL_STOP,0.00,STOP,None
2026-08-18 09:29:42.306,left,1.0000,EXECUTED_SUCCESS,0.00,LEFT,None
2026-08-18 09:29:43.490,left,1.0000,EXECUTED_SUCCESS,0.00,LEFT,None
2026-08-18 09:29:44.509,push,1.0000,EXECUTED_SUCCESS,0.00,FORWARD,None
2026-08-18 09:29:45.261,left,1.0000,EXECUTED_SUCCESS,0.00,LEFT,None
2026-08-18 09:29:46.688,left,1.0000,EXECUTED_SUCCESS,0.00,LEFT,None
2026-08-18 09:29:47.419,push,1.0000,EXECUTED_SUCCESS,0.00,FORWARD,None
2026-08-18 09:29:47.932,left,1.0000,EXECUTED_SUCCESS,0.00,LEFT,None
2026-08-18 09:29:49.098,push,1.0000,EXECUTED_SUCCESS,0.00,FORWARD,None
2026-08-18 09:29:49.525,left,1.0000,EXECUTED_SUCCESS,0.00,LEFT,None
2026-08-18 09:29:50.662,push,1.0000,EXECUTED_SUCCESS,0.00,FORWARD,None
2026-08-18 09:29:51.148,left,1.0000,EXECUTED_SUCCESS,0.00,LEFT,None
2026-08-18 09:29:52.826,pull,1.0000,EXECUTED_SUCCESS,0.00,BACKWARD,None
2026-08-18 09:29:54.211,push,1.0000,EXECUTED_SUCCESS,0.00,FORWARD,None
2026-08-18 09:29:55.548,right,1.0000,EXECUTED_SUCCESS,0.00,RIGHT,None
2026-08-18 09:30:26.195,push,0.9500,EXECUTED_SUCCESS,0.00,FORWARD,None
2026-08-18 09:30:40.306,neutral,1.0000,EXECUTED_NEUTRAL_STOP,0.00,STOP,None
2026-08-18 09:30:53.363,push,0.9500,EXECUTED_SUCCESS,0.00,FORWARD,None
2026-08-18 09:37:42.846,push,0.9500,EXECUTED_SUCCESS,0.00,FORWARD,None
2026-08-18 09:37:42.850,push,0.9500,IGNORED_DEBOUNCED (0.005s < 0.1s),0.00,FORWARD,None
2026-08-18 09:37:42.855,push,0.9500,IGNORED_DEBOUNCED (0.009s < 0.1s),0.00,FORWARD,None
2026-08-18 09:37:42.858,push,0.9500,IGNORED_DEBOUNCED (0.013s < 0.1s),0.00,FORWARD,None
2026-08-18 09:37:42.861,push,0.9500,IGNORED_DEBOUNCED (0.016s < 0.1s),0.00,FORWARD,None
2026-08-18 09:39:27.228,pull,1.0000,EXECUTED_SUCCESS,0.00,BACKWARD,None
2026-08-18 09:39:41.133,neutral,1.0000,EXECUTED_NEUTRAL_STOP,0.00,STOP,None
2026-08-18 09:39:53.135,push,1.0000,EXECUTED_SUCCESS,0.00,FORWARD,None
2026-08-18 09:40:05.016,pull,1.0000,EXECUTED_SUCCESS,0.00,BACKWARD,None
2026-08-18 09:42:03.954,push,1.0000,EXECUTED_SUCCESS,0.00,FORWARD,None
2026-08-18 09:47:36.313,push,0.9500,EXECUTED_SUCCESS,0.00,FORWARD,None
2026-08-18 09:53:53.547,push,0.9500,EXECUTED_SUCCESS,0.00,FORWARD,None
2026-08-18 09:54:13.290,neutral,1.0000,EXECUTED_NEUTRAL_STOP,0.00,STOP,None
2026-08-18 09:54:34.252,pull,0.9500,EXECUTED_SUCCESS,0.00,BACKWARD,None
2026-08-18 09:54:44.480,neutral,1.0000,EXECUTED_NEUTRAL_STOP,0.00,STOP,None
2026-08-18 10:26:00.393,push,0.9500,EXECUTED_SUCCESS,0.00,FORWARD,None
2026-08-18 10:26:06.797,neutral,1.0000,EXECUTED_NEUTRAL_STOP,0.00,STOP,None
2026-08-18 10:27:09.764,push,0.9500,EXECUTED_SUCCESS,0.00,FORWARD,None
2026-08-18 10:27:16.943,pull,0.9500,EXECUTED_SUCCESS,0.00,BACKWARD,None
2026-08-18 10:27:21.956,left,0.9500,EXECUTED_SUCCESS,0.00,LEFT,None
2026-08-18 10:27:27.328,push,0.9500,EXECUTED_SUCCESS,0.00,FORWARD,None
2026-08-18 10:27:30.532,right,0.9500,EXECUTED_SUCCESS,0.00,RIGHT,None
2026-08-18 10:27:33.580,push,0.9500,EXECUTED_SUCCESS,0.00,FORWARD,None
2026-08-18 10:27:36.697,neutral,1.0000,EXECUTED_NEUTRAL_STOP,0.00,STOP,None
2026-08-18 11:16:54.198,push,0.9500,EXECUTED_SUCCESS,0.00,FORWARD,None
2026-08-18 11:21:41.754,neutral,1.0000,EXECUTED_NEUTRAL_STOP,0.00,STOP,None
2026-08-18 13:35:37.763,push,1.0000,EXECUTED_SUCCESS,0.00,FORWARD,None
2026-08-18 13:35:37.778,neutral,1.0000,EXECUTED_NEUTRAL_STOP,0.00,STOP,None
2026-08-18 13:35:37.791,push,1.0000,EXECUTED_SUCCESS,0.00,FORWARD,None
2026-08-18 13:43:30.308,push,1.0000,EXECUTED_SUCCESS,0.00,FORWARD,None
2026-08-18 13:43:37.044,neutral,1.0000,EXECUTED_NEUTRAL_STOP,0.00,STOP,None
2026-08-19 11:59:54.702,push,1.0000,EXECUTED_SUCCESS,0.00,FORWARD,None
2026-08-19 11:59:57.606,pull,1.0000,EXECUTED_SUCCESS,0.00,BACKWARD,None
2026-08-19 11:59:58.842,left,1.0000,EXECUTED_SUCCESS,0.00,LEFT,None
2026-08-19 11:59:59.493,push,1.0000,EXECUTED_SUCCESS,0.00,FORWARD,None
2026-08-19 12:00:01.767,right,1.0000,EXECUTED_SUCCESS,0.00,RIGHT,None
2026-08-19 12:00:03.269,push,1.0000,EXECUTED_SUCCESS,0.00,FORWARD,None
2026-08-19 12:00:04.666,right,1.0000,EXECUTED_SUCCESS,0.00,RIGHT,None
2026-08-19 12:00:06.317,push,1.0000,EXECUTED_SUCCESS,0.00,FORWARD,None
2026-08-19 12:00:09.812,left,1.0000,EXECUTED_SUCCESS,0.00,LEFT,None
2026-08-19 12:00:10.741,push,1.0000,EXECUTED_SUCCESS,0.00,FORWARD,None
2026-08-19 12:00:13.141,left,1.0000,EXECUTED_SUCCESS,0.00,LEFT,None
2026-08-19 12:00:13.562,push,1.0000,EXECUTED_SUCCESS,0.00,FORWARD,None
2026-08-19 12:00:14.445,left,1.0000,EXECUTED_SUCCESS,0.00,LEFT,None
2026-08-19 12:00:14.844,push,1.0000,EXECUTED_SUCCESS,0.00,FORWARD,None
2026-08-19 12:00:16.178,left,1.0000,EXECUTED_SUCCESS,0.00,LEFT,None
2026-08-19 12:00:16.524,left,1.0000,EXECUTED_SUCCESS,0.00,LEFT,None
2026-08-19 12:00:16.788,left,1.0000,EXECUTED_SUCCESS,0.00,LEFT,None
2026-08-19 12:00:17.044,left,1.0000,EXECUTED_SUCCESS,0.00,LEFT,None
2026-08-19 12:00:17.317,left,1.0000,EXECUTED_SUCCESS,0.00,LEFT,None
2026-08-19 12:00:17.439,left,1.0000,EXECUTED_SUCCESS,0.00,LEFT,None
2026-08-19 12:00:18.107,push,1.0000,EXECUTED_SUCCESS,0.00,FORWARD,None
2026-08-19 12:00:20.258,left,1.0000,EXECUTED_SUCCESS,0.00,LEFT,None
2026-08-19 12:00:21.390,push,1.0000,EXECUTED_SUCCESS,0.00,FORWARD,None
2026-08-19 12:00:26.153,pull,1.0000,EXECUTED_SUCCESS,0.00,BACKWARD,None
2026-08-19 12:00:28.971,neutral,1.0000,EXECUTED_NEUTRAL_STOP,0.00,STOP,None
2026-08-19 12:00:49.123,push,1.0000,EXECUTED_SUCCESS,0.00,FORWARD,None
2026-08-19 12:00:54.103,pull,1.0000,EXECUTED_SUCCESS,0.00,BACKWARD,None
2026-08-19 12:00:59.504,left,1.0000,EXECUTED_SUCCESS,0.00,LEFT,None
2026-08-19 12:01:05.547,neutral,1.0000,EXECUTED_NEUTRAL_STOP,0.00,STOP,None
2026-08-19 12:02:19.486,left,1.0000,EXECUTED_SUCCESS,0.00,LEFT,None
2026-08-19 12:02:24.492,right,1.0000,EXECUTED_SUCCESS,0.00,RIGHT,None
2026-08-19 13:30:22.842,push,1.0000,EXECUTED_SUCCESS,0.00,FORWARD,None
2026-08-19 13:46:11.481,neutral,1.0000,EXECUTED_NEUTRAL_STOP,0.00,STOP,None
2026-08-19 13:46:13.566,push,1.0000,EXECUTED_SUCCESS,0.00,FORWARD,None
2026-08-19 13:48:07.631,push,1.0000,EXECUTED_SUCCESS,0.00,FORWARD,None
2026-08-19 13:48:10.790,pull,1.0000,EXECUTED_SUCCESS,0.00,BACKWARD,None
2026-08-19 14:46:12.890,push,1.0000,EXECUTED_SUCCESS,0.00,FORWARD,None
2026-08-19 14:46:12.902,neutral,1.0000,EXECUTED_NEUTRAL_STOP,0.00,STOP,None
2026-08-19 14:46:12.910,push,1.0000,EXECUTED_SUCCESS,0.00,FORWARD,None
2026-08-19 15:39:47.646,push,1.0000,EXECUTED_SUCCESS,0.00,FORWARD,None
2026-08-19 15:39:50.752,neutral,1.0000,EXECUTED_NEUTRAL_STOP,0.00,STOP,None
2026-08-19 15:39:55.306,push,1.0000,EXECUTED_SUCCESS,0.00,FORWARD,None
2026-08-19 15:50:28.332,push,1.0000,EXECUTED_SUCCESS,0.00,FORWARD,None
2026-08-19 15:50:31.342,pull,1.0000,EXECUTED_SUCCESS,0.00,BACKWARD,None
2026-08-19 15:50:34.349,left,1.0000,EXECUTED_SUCCESS,0.00,LEFT,None
2026-08-19 15:50:37.352,right,1.0000,EXECUTED_SUCCESS,0.00,RIGHT,None
2026-08-19 15:50:40.356,neutral,1.0000,EXECUTED_NEUTRAL_STOP,0.00,STOP,None
2026-08-19 15:51:20.210,push,1.0000,EXECUTED_SUCCESS,0.00,FORWARD,None
2026-08-19 15:51:23.241,neutral,1.0000,EXECUTED_NEUTRAL_STOP,0.00,STOP,None
2026-08-19 15:51:27.775,push,1.0000,EXECUTED_SUCCESS,0.00,FORWARD,None
2026-08-19 15:51:43.047,push,1.0000,EXECUTED_SUCCESS,0.00,FORWARD,None
2026-08-19 15:51:46.083,neutral,1.0000,EXECUTED_NEUTRAL_STOP,0.00,STOP,None
2026-08-19 15:51:50.656,push,1.0000,EXECUTED_SUCCESS,0.00,FORWARD,None
2026-08-20 09:37:22.688,push,1.0000,EXECUTED_SUCCESS,0.00,FORWARD,None
2026-08-20 09:37:27.738,pull,1.0000,EXECUTED_SUCCESS,0.00,BACKWARD,None
2026-08-20 09:38:11.564,pull,1.0000,EXECUTED_SUCCESS,0.00,BACKWARD,None
2026-08-20 09:39:53.434,neutral,1.0000,EXECUTED_NEUTRAL_STOP,0.00,STOP,None
2026-08-20 09:40:27.819,push,1.0000,EXECUTED_SUCCESS,0.00,FORWARD,None
2026-08-20 09:40:35.333,pull,1.0000,EXECUTED_SUCCESS,0.00,BACKWARD,None
2026-08-20 09:40:45.584,left,1.0000,EXECUTED_SUCCESS,0.00,LEFT,None
2026-08-20 09:40:52.541,push,1.0000,EXECUTED_SUCCESS,0.00,FORWARD,None
2026-08-20 09:41:06.554,push,1.0000,EXECUTED_SUCCESS,0.00,FORWARD,None
2026-08-20 09:41:14.134,neutral,1.0000,EXECUTED_NEUTRAL_STOP,0.00,STOP,None
2026-08-20 09:41:26.844,left,1.0000,EXECUTED_SUCCESS,0.00,LEFT,None
2026-08-20 09:41:41.383,pull,1.0000,EXECUTED_SUCCESS,0.00,BACKWARD,None
2026-08-20 09:41:52.952,left,1.0000,EXECUTED_SUCCESS,0.00,LEFT,None
2026-08-20 09:49:57.923,push,1.0000,EXECUTED_SUCCESS,0.00,FORWARD,None
2026-08-20 09:59:39.796,push,1.0000,EXECUTED_SUCCESS,0.00,FORWARD,None
2026-08-20 10:09:04.851,push,1.0000,EXECUTED_SUCCESS,0.00,FORWARD,None
2026-08-20 10:28:58.499,PUSH,1.0000,EXECUTED_SUCCESS,0.00,LIFTCARFORWARD,None
2026-08-20 10:29:01.588,STOP,1.0000,EXECUTED_SUCCESS,0.00,LIFTCARSTOP,None
2026-08-20 10:29:04.115,PUSH,1.0000,EXECUTED_SUCCESS,0.00,LIFTCARFORWARD,None
2026-08-20 10:29:04.633,PUSH,1.0000,EXECUTED_SUCCESS,0.00,LIFTCARFORWARD,None
2026-08-20 10:29:04.633,PULL,1.0000,EXECUTED_SUCCESS,0.00,LIFTCARBACKWARD,None
2026-08-20 10:29:04.634,LEFT,1.0000,EXECUTED_SUCCESS,0.00,LIFTCARLEFT,None
2026-08-20 10:29:04.634,RIGHT,1.0000,EXECUTED_SUCCESS,0.00,LIFTCARRIGHT,None
2026-08-20 10:29:04.634,STOP,1.0000,EXECUTED_SUCCESS,0.00,LIFTCARSTOP,None
2026-08-20 10:29:04.634,PUSH,1.0000,EXECUTED_SUCCESS,0.00,LIFTCARFORWARD,None
2026-08-20 10:29:04.635,INVALID_CMD,1.0000,REJECTED_UNKNOWN_COMMAND (INVALID_CMD),0.00,STOP,Unknown command string
2026-08-20 10:29:04.635,NEUTRAL,1.0000,REJECTED_UNKNOWN_COMMAND (NEUTRAL),0.00,STOP,Unknown command string
2026-08-20 10:29:04.635,PUSH,0.4000,REJECTED_LOW_CONFIDENCE (0.40 < 0.6),0.00,PUSH,Low confidence
2026-08-20 10:29:05.155,PUSH,1.0000,EXECUTED_SUCCESS,0.00,LIFTCARFORWARD,None
2026-08-20 10:29:05.156,PUSH,1.0000,IGNORED_DEBOUNCED (0.002s < 0.5s),0.00,PUSH,None
2026-08-20 10:29:05.158,STOP,1.0000,SAFETY_TIMEOUT_AUTO_STOP,0.00,LIFTCARSTOP,Command stream timeout
2026-08-20 10:37:04.970,PUSH,1.0000,EXECUTED_SUCCESS,0.00,LIFTCARFORWARD,None
2026-08-20 10:37:07.976,PULL,1.0000,EXECUTED_SUCCESS,0.00,LIFTCARBACKWARD,None
2026-08-20 10:37:10.985,LEFT,1.0000,EXECUTED_SUCCESS,0.00,LIFTCARLEFT,None
2026-08-20 10:37:13.989,RIGHT,1.0000,EXECUTED_SUCCESS,0.00,LIFTCARRIGHT,None
2026-08-20 10:37:17.005,STOP,1.0000,EXECUTED_SUCCESS,0.00,LIFTCARSTOP,None
2026-08-20 10:37:29.464,PUSH,1.0000,EXECUTED_SUCCESS,0.00,LIFTCARFORWARD,None
2026-08-20 10:37:32.538,STOP,1.0000,EXECUTED_SUCCESS,0.00,LIFTCARSTOP,None
2026-08-20 10:37:35.069,PUSH,1.0000,EXECUTED_SUCCESS,0.00,LIFTCARFORWARD,None
2026-08-20 10:37:35.590,PUSH,1.0000,EXECUTED_SUCCESS,0.00,LIFTCARFORWARD,None
2026-08-20 10:37:35.590,PULL,1.0000,EXECUTED_SUCCESS,0.00,LIFTCARBACKWARD,None
2026-08-20 10:37:35.591,LEFT,1.0000,EXECUTED_SUCCESS,0.00,LIFTCARLEFT,None
2026-08-20 10:37:35.591,RIGHT,1.0000,EXECUTED_SUCCESS,0.00,LIFTCARRIGHT,None
2026-08-20 10:37:35.591,STOP,1.0000,EXECUTED_SUCCESS,0.00,LIFTCARSTOP,None
2026-08-20 10:37:35.591,PUSH,1.0000,EXECUTED_SUCCESS,0.00,LIFTCARFORWARD,None
2026-08-20 10:37:35.592,INVALID_CMD,1.0000,REJECTED_UNKNOWN_COMMAND (INVALID_CMD),0.00,STOP,Unknown command string
2026-08-20 10:37:35.592,NEUTRAL,1.0000,REJECTED_UNKNOWN_COMMAND (NEUTRAL),0.00,STOP,Unknown command string
2026-08-20 10:37:35.593,PUSH,0.4000,REJECTED_LOW_CONFIDENCE (0.40 < 0.6),0.00,PUSH,Low confidence
2026-08-20 10:37:36.109,PUSH,1.0000,EXECUTED_SUCCESS,0.00,LIFTCARFORWARD,None
2026-08-20 10:37:36.110,PUSH,1.0000,IGNORED_DEBOUNCED (0.001s < 0.5s),0.00,PUSH,None
2026-08-20 10:37:36.112,STOP,1.0000,SAFETY_TIMEOUT_AUTO_STOP,0.00,LIFTCARSTOP,Command stream timeout
2026-08-20 10:41:17.600,PUSH,1.0000,EXECUTED_SUCCESS,0.00,LIFTCARFORWARD,None
2026-08-20 10:47:27.401,PUSH,1.0000,EXECUTED_SUCCESS,0.00,LIFTCARFORWARD,None
2026-08-20 10:47:40.439,PULL,1.0000,EXECUTED_SUCCESS,0.00,LIFTCARBACKWARD,None
2026-08-20 10:55:01.103,PUSH,1.0000,EXECUTED_SUCCESS,0.00,LIFTCARFORWARD,None
2026-08-20 10:55:09.149,PULL,1.0000,EXECUTED_SUCCESS,0.00,LIFTCARBACKWARD,None
2026-08-20 11:00:17.544,PUSH,1.0000,EXECUTED_SUCCESS,0.00,LIFTCARFORWARD,None
2026-08-20 11:00:20.862,STOP,1.0000,EXECUTED_SUCCESS,0.00,LIFTCARSTOP,None
2026-08-20 11:00:23.475,PUSH,1.0000,EXECUTED_SUCCESS,0.00,LIFTCARFORWARD,None
2026-08-20 11:00:24.111,PUSH,1.0000,EXECUTED_SUCCESS,0.00,LIFTCARFORWARD,None
2026-08-20 11:00:24.112,PULL,1.0000,EXECUTED_SUCCESS,0.00,LIFTCARBACKWARD,None
2026-08-20 11:00:24.112,LEFT,1.0000,EXECUTED_SUCCESS,0.00,LIFTCARLEFT,None
2026-08-20 11:00:24.113,RIGHT,1.0000,EXECUTED_SUCCESS,0.00,LIFTCARRIGHT,None
2026-08-20 11:00:24.114,STOP,1.0000,EXECUTED_SUCCESS,0.00,LIFTCARSTOP,None
2026-08-20 11:00:24.115,PUSH,1.0000,EXECUTED_SUCCESS,0.00,LIFTCARFORWARD,None
2026-08-20 11:00:24.116,INVALID_CMD,1.0000,REJECTED_UNKNOWN_COMMAND (INVALID_CMD),0.00,STOP,Unknown command string
2026-08-20 11:00:24.116,NEUTRAL,1.0000,REJECTED_UNKNOWN_COMMAND (NEUTRAL),0.00,STOP,Unknown command string
2026-08-20 11:00:24.117,PUSH,0.4000,REJECTED_LOW_CONFIDENCE (0.40 < 0.6),0.00,PUSH,Low confidence
2026-08-20 11:00:24.725,PUSH,1.0000,EXECUTED_SUCCESS,0.00,LIFTCARFORWARD,None
2026-08-20 11:00:24.725,PUSH,1.0000,IGNORED_DEBOUNCED (0.000s < 0.5s),0.00,PUSH,None
2026-08-20 11:00:24.726,STOP,1.0000,SAFETY_TIMEOUT_AUTO_STOP,0.00,LIFTCARSTOP,Command stream timeout
2026-08-20 11:01:39.993,PUSH,1.0000,EXECUTED_SUCCESS,0.00,LIFTCARFORWARD,None
2026-08-20 11:01:50.793,PULL,1.0000,EXECUTED_SUCCESS,0.00,LIFTCARBACKWARD,None
2026-08-20 11:02:06.416,LEFT,1.0000,EXECUTED_SUCCESS,0.00,LIFTCARLEFT,None
2026-08-20 11:02:08.448,RIGHT,1.0000,EXECUTED_SUCCESS,0.00,LIFTCARRIGHT,None
2026-08-20 11:02:10.455,STOP,1.0000,EXECUTED_SUCCESS,0.00,LIFTCARSTOP,None
2026-08-20 11:04:13.057,PUSH,1.0000,EXECUTED_SUCCESS,0.00,LIFTCARFORWARD,None
2026-08-20 11:04:41.114,PULL,1.0000,EXECUTED_SUCCESS,0.00,LIFTCARBACKWARD,None
2026-08-20 11:14:10.070,LIFTCARFORWARD,1.0000,REJECTED_UNKNOWN_COMMAND (LIFTCARFORWARD),0.00,STOP,Unknown command string
2026-08-20 11:16:53.611,PUSH,1.0000,EXECUTED_SUCCESS,0.00,LIFTCARFORWARD,None
2026-08-20 12:09:53.713,PUSH,1.0000,EXECUTED_SUCCESS,0.00,LIFTCARFORWARD,None
2026-08-20 12:09:56.754,STOP,1.0000,EXECUTED_SUCCESS,0.00,LIFTCARSTOP,None
2026-08-20 12:09:59.270,PUSH,1.0000,EXECUTED_SUCCESS,0.00,LIFTCARFORWARD,None
2026-08-20 12:09:59.781,PUSH,1.0000,EXECUTED_SUCCESS,0.00,LIFTCARFORWARD,None
2026-08-20 12:09:59.781,PULL,1.0000,EXECUTED_SUCCESS,0.00,LIFTCARBACKWARD,None
2026-08-20 12:09:59.782,LEFT,1.0000,EXECUTED_SUCCESS,0.00,LIFTCARLEFT,None
2026-08-20 12:09:59.782,RIGHT,1.0000,EXECUTED_SUCCESS,0.00,LIFTCARRIGHT,None
2026-08-20 12:09:59.782,STOP,1.0000,EXECUTED_SUCCESS,0.00,LIFTCARSTOP,None
2026-08-20 12:09:59.783,PUSH,1.0000,EXECUTED_SUCCESS,0.00,LIFTCARFORWARD,None
2026-08-20 12:09:59.783,INVALID_CMD,1.0000,REJECTED_UNKNOWN_COMMAND (INVALID_CMD),0.00,STOP,Unknown command string
2026-08-20 12:09:59.784,NEUTRAL,1.0000,REJECTED_UNKNOWN_COMMAND (NEUTRAL),0.00,STOP,Unknown command string
2026-08-20 12:09:59.784,PUSH,0.4000,REJECTED_LOW_CONFIDENCE (0.40 < 0.6),0.00,PUSH,Low confidence
2026-08-20 12:10:00.289,PUSH,1.0000,EXECUTED_SUCCESS,0.00,LIFTCARFORWARD,None
2026-08-20 12:10:00.289,PUSH,1.0000,IGNORED_DEBOUNCED (0.000s < 0.5s),0.00,PUSH,None
2026-08-20 12:10:00.290,STOP,1.0000,SAFETY_TIMEOUT_AUTO_STOP,0.00,LIFTCARSTOP,Command stream timeout
2026-08-20 12:10:45.861,PUSH,1.0000,EXECUTED_SUCCESS,0.00,LIFTCARFORWARD,None
2026-08-20 12:10:48.987,STOP,1.0000,EXECUTED_SUCCESS,0.00,LIFTCARSTOP,None
2026-08-20 12:10:51.516,PUSH,1.0000,EXECUTED_SUCCESS,0.00,LIFTCARFORWARD,None
2026-08-20 12:10:52.109,PUSH,1.0000,EXECUTED_SUCCESS,0.00,LIFTCARFORWARD,None
2026-08-20 12:10:52.109,PULL,1.0000,EXECUTED_SUCCESS,0.00,LIFTCARBACKWARD,None
2026-08-20 12:10:52.110,LEFT,1.0000,EXECUTED_SUCCESS,0.00,LIFTCARLEFT,None
2026-08-20 12:10:52.110,RIGHT,1.0000,EXECUTED_SUCCESS,0.00,LIFTCARRIGHT,None
2026-08-20 12:10:52.110,STOP,1.0000,EXECUTED_SUCCESS,0.00,LIFTCARSTOP,None
2026-08-20 12:10:52.111,PUSH,1.0000,EXECUTED_SUCCESS,0.00,LIFTCARFORWARD,None
2026-08-20 12:10:52.111,INVALID_CMD,1.0000,REJECTED_UNKNOWN_COMMAND (INVALID_CMD),0.00,STOP,Unknown command string
2026-08-20 12:10:52.112,NEUTRAL,1.0000,REJECTED_UNKNOWN_COMMAND (NEUTRAL),0.00,STOP,Unknown command string
2026-08-20 12:10:52.112,PUSH,0.4000,REJECTED_LOW_CONFIDENCE (0.40 < 0.6),0.00,PUSH,Low confidence
2026-08-20 12:10:52.615,PUSH,1.0000,EXECUTED_SUCCESS,0.00,LIFTCARFORWARD,None
2026-08-20 12:10:52.616,PUSH,1.0000,IGNORED_DEBOUNCED (0.001s < 0.5s),0.00,PUSH,None
2026-08-20 12:10:52.616,STOP,1.0000,SAFETY_TIMEOUT_AUTO_STOP,0.00,LIFTCARSTOP,Command stream timeout
2026-08-20 13:45:08.072,PUSH,1.0000,EXECUTED_SUCCESS,0.00,LIFTCARFORWARD,None
2026-08-20 13:45:11.114,STOP,1.0000,EXECUTED_SUCCESS,0.00,LIFTCARSTOP,None
2026-08-20 13:45:13.658,PUSH,1.0000,EXECUTED_SUCCESS,0.00,LIFTCARFORWARD,None
2026-08-20 13:45:14.251,PUSH,1.0000,EXECUTED_SUCCESS,0.00,LIFTCARFORWARD,None
2026-08-20 13:45:14.252,PULL,1.0000,EXECUTED_SUCCESS,0.00,LIFTCARBACKWARD,None
2026-08-20 13:45:14.254,LEFT,1.0000,EXECUTED_SUCCESS,0.00,LIFTCARLEFT,None
2026-08-20 13:45:14.256,RIGHT,1.0000,EXECUTED_SUCCESS,0.00,LIFTCARRIGHT,None
2026-08-20 13:45:14.257,STOP,1.0000,EXECUTED_SUCCESS,0.00,LIFTCARSTOP,None
2026-08-20 13:45:14.258,PUSH,1.0000,EXECUTED_SUCCESS,0.00,LIFTCARFORWARD,None
2026-08-20 13:45:14.259,INVALID_CMD,1.0000,REJECTED_UNKNOWN_COMMAND (INVALID_CMD),0.00,STOP,Unknown command string
2026-08-20 13:45:14.260,NEUTRAL,1.0000,REJECTED_UNKNOWN_COMMAND (NEUTRAL),0.00,STOP,Unknown command string
2026-08-20 13:45:14.261,PUSH,0.4000,REJECTED_LOW_CONFIDENCE (0.40 < 0.6),0.00,PUSH,Low confidence
2026-08-20 13:45:14.827,PUSH,1.0000,EXECUTED_SUCCESS,0.00,LIFTCARFORWARD,None
2026-08-20 13:45:14.828,PUSH,1.0000,IGNORED_DEBOUNCED (0.001s < 0.5s),0.00,PUSH,None
2026-08-20 13:45:14.829,STOP,1.0000,SAFETY_TIMEOUT_AUTO_STOP,0.00,LIFTCARSTOP,Command stream timeout
2026-08-20 13:45:56.669,PUSH,1.0000,EXECUTED_SUCCESS,0.00,LIFTCARFORWARD,None
2026-08-20 13:45:59.748,STOP,1.0000,EXECUTED_SUCCESS,0.00,LIFTCARSTOP,None
2026-08-20 13:46:03.303,PUSH,1.0000,EXECUTED_SUCCESS,0.00,LIFTCARFORWARD,None
2026-08-20 13:46:03.886,PUSH,1.0000,EXECUTED_SUCCESS,0.00,LIFTCARFORWARD,None
2026-08-20 13:46:03.886,PULL,1.0000,EXECUTED_SUCCESS,0.00,LIFTCARBACKWARD,None
2026-08-20 13:46:03.887,LEFT,1.0000,EXECUTED_SUCCESS,0.00,LIFTCARLEFT,None
2026-08-20 13:46:03.887,RIGHT,1.0000,EXECUTED_SUCCESS,0.00,LIFTCARRIGHT,None
2026-08-20 13:46:03.888,STOP,1.0000,EXECUTED_SUCCESS,0.00,LIFTCARSTOP,None
2026-08-20 13:46:03.889,PUSH,1.0000,EXECUTED_SUCCESS,0.00,LIFTCARFORWARD,None
2026-08-20 13:46:03.889,INVALID_CMD,1.0000,REJECTED_UNKNOWN_COMMAND (INVALID_CMD),0.00,STOP,Unknown command string
2026-08-20 13:46:03.890,NEUTRAL,1.0000,REJECTED_UNKNOWN_COMMAND (NEUTRAL),0.00,STOP,Unknown command string
2026-08-20 13:46:03.891,PUSH,0.4000,REJECTED_LOW_CONFIDENCE (0.40 < 0.6),0.00,PUSH,Low confidence
2026-08-20 13:46:04.400,PUSH,1.0000,EXECUTED_SUCCESS,0.00,LIFTCARFORWARD,None
2026-08-20 13:46:04.401,PUSH,1.0000,IGNORED_DEBOUNCED (0.000s < 0.5s),0.00,PUSH,None
2026-08-20 13:46:04.401,STOP,1.0000,SAFETY_TIMEOUT_AUTO_STOP,0.00,LIFTCARSTOP,Command stream timeout
2026-08-20 13:57:01.957,PUSH,1.0000,EXECUTED_SUCCESS,0.00,LIFTCARFORWARD,None
2026-08-20 13:57:07.255,PULL,1.0000,EXECUTED_SUCCESS,0.00,LIFTCARBACKWARD,None
2026-08-20 14:03:31.313,PUSH,1.0000,EXECUTED_SUCCESS,0.00,LIFTCARFORWARD,None
2026-08-20 14:03:33.442,STOP,1.0000,EXECUTED_SUCCESS,0.00,LIFTCARSTOP,None
2026-08-20 14:03:36.043,PUSH,1.0000,EXECUTED_SUCCESS,0.00,LIFTCARFORWARD,None
2026-08-20 14:03:36.574,PUSH,1.0000,EXECUTED_SUCCESS,0.00,LIFTCARFORWARD,None
2026-08-20 14:03:36.575,PULL,1.0000,EXECUTED_SUCCESS,0.00,LIFTCARBACKWARD,None
2026-08-20 14:03:36.576,LEFT,1.0000,EXECUTED_SUCCESS,0.00,LIFTCARLEFT,None
2026-08-20 14:03:36.576,RIGHT,1.0000,EXECUTED_SUCCESS,0.00,LIFTCARRIGHT,None
2026-08-20 14:03:36.577,STOP,1.0000,EXECUTED_SUCCESS,0.00,LIFTCARSTOP,None
2026-08-20 14:03:36.578,PUSH,1.0000,EXECUTED_SUCCESS,0.00,LIFTCARFORWARD,None
2026-08-20 14:03:36.579,INVALID_CMD,1.0000,REJECTED_UNKNOWN_COMMAND (INVALID_CMD),0.00,STOP,Unknown command string
2026-08-20 14:03:36.580,NEUTRAL,1.0000,REJECTED_UNKNOWN_COMMAND (NEUTRAL),0.00,STOP,Unknown command string
2026-08-20 14:03:36.581,PUSH,0.4000,REJECTED_LOW_CONFIDENCE (0.40 < 0.6),0.00,PUSH,Low confidence
2026-08-20 14:03:37.107,PUSH,1.0000,EXECUTED_SUCCESS,0.00,LIFTCARFORWARD,None
2026-08-20 14:03:37.108,PUSH,1.0000,IGNORED_DEBOUNCED (0.001s < 0.5s),0.00,PUSH,None
2026-08-20 14:03:37.109,STOP,1.0000,SAFETY_TIMEOUT_AUTO_STOP,0.00,LIFTCARSTOP,Command stream timeout
2026-08-20 14:54:52.610,PUSH,1.0000,EXECUTED_SUCCESS,0.00,LIFTCARFORWARD,None
2026-08-20 14:55:35.025,PUSH,1.0000,EXECUTED_SUCCESS,0.00,LIFTCARFORWARD,None
2026-08-31 13:44:33.680,PUSH,1.0000,EXECUTED_SUCCESS,0.00,LIFTCARFORWARD,None
2026-08-31 13:54:52.055,PUSH,1.0000,EXECUTED_SUCCESS,0.00,LIFTCARFORWARD,None
2026-09-01 11:30:14.768,PUSH,1.0000,EXECUTED_SUCCESS,0.00,LIFTCARFORWARD,None
2026-09-01 11:33:38.502,PUSH,1.0000,EXECUTED_SUCCESS,0.00,LIFTCARFORWARD,None
2026-09-01 11:55:19.469,PUSH,1.0000,EXECUTED_SUCCESS,0.00,LIFTCARFORWARD,None
2026-09-01 11:55:27.495,STOP,1.0000,EXECUTED_SUCCESS,0.00,LIFTCARSTOP,None
2026-09-01 12:13:33.020,PUSH,1.0000,EXECUTED_SUCCESS,0.00,LIFTCARFORWARD,None
2026-09-01 12:14:23.596,PUSH,1.0000,EXECUTED_SUCCESS,0.00,LIFTCARFORWARD,None
2026-09-01 12:16:13.738,PUSH,1.0000,EXECUTED_SUCCESS,0.00,LIFTCARFORWARD,None
2026-09-01 12:16:33.557,PULL,1.0000,EXECUTED_SUCCESS,0.00,LIFTCARBACKWARD,None
2026-09-01 13:59:31.695,PUSH,1.0000,EXECUTED_SUCCESS,0.00,LIFTCARFORWARD,None
2026-09-01 13:59:35.254,STOP,1.0000,EXECUTED_SUCCESS,0.00,LIFTCARSTOP,None
2026-09-01 13:59:37.941,PUSH,1.0000,EXECUTED_SUCCESS,0.00,LIFTCARFORWARD,None
2026-09-01 14:00:46.836,PUSH,1.0000,EXECUTED_SUCCESS,0.00,LIFTCARFORWARD,None
2026-09-01 14:00:50.247,STOP,1.0000,EXECUTED_SUCCESS,0.00,LIFTCARSTOP,None
2026-09-01 14:00:52.937,PUSH,1.0000,EXECUTED_SUCCESS,0.00,LIFTCARFORWARD,None
2026-09-01 14:08:03.087,PUSH,1.0000,EXECUTED_SUCCESS,0.00,LIFTCARFORWARD,None
2026-09-01 14:08:06.588,STOP,1.0000,EXECUTED_SUCCESS,0.00,LIFTCARSTOP,None
2026-09-01 14:08:09.365,PUSH,1.0000,EXECUTED_SUCCESS,0.00,LIFTCARFORWARD,None
2026-09-02 10:52:35.586,PUSH,1.0000,EXECUTED_SUCCESS,0.00,LIFTCARFORWARD,None
2026-09-02 10:52:40.026,STOP,1.0000,EXECUTED_SUCCESS,0.00,LIFTCARSTOP,None
2026-09-02 10:52:42.738,PUSH,1.0000,EXECUTED_SUCCESS,0.00,LIFTCARFORWARD,None
2026-09-02 11:04:22.032,PUSH,1.0000,EXECUTED_SUCCESS,0.00,LIFTCARFORWARD,None
2026-09-02 11:04:26.531,STOP,1.0000,EXECUTED_SUCCESS,0.00,LIFTCARSTOP,None
2026-09-02 11:04:29.313,PUSH,1.0000,EXECUTED_SUCCESS,0.00,LIFTCARFORWARD,None
2026-09-02 11:06:09.510,PUSH,1.0000,EXECUTED_SUCCESS,0.00,LIFTCARFORWARD,None
2026-09-02 11:06:12.937,STOP,1.0000,EXECUTED_SUCCESS,0.00,LIFTCARSTOP,None
2026-09-02 11:06:15.698,PUSH,1.0000,EXECUTED_SUCCESS,0.00,LIFTCARFORWARD,None
2026-09-02 11:16:28.544,PUSH,1.0000,EXECUTED_SUCCESS,0.00,LIFTCARFORWARD,None
2026-09-02 11:16:32.028,STOP,1.0000,EXECUTED_SUCCESS,0.00,LIFTCARSTOP,None
2026-09-02 11:16:34.729,PUSH,1.0000,EXECUTED_SUCCESS,0.00,LIFTCARFORWARD,None
2026-09-02 11:24:18.192,PUSH,1.0000,EXECUTED_SUCCESS,0.00,LIFTCARFORWARD,None
2026-09-02 11:24:21.565,STOP,1.0000,EXECUTED_SUCCESS,0.00,LIFTCARSTOP,None
2026-09-02 11:24:24.332,PUSH,1.0000,EXECUTED_SUCCESS,0.00,LIFTCARFORWARD,None
2026-09-02 11:36:09.757,PUSH,1.0000,EXECUTED_SUCCESS,0.00,LIFTCARFORWARD,None
2026-09-02 11:36:11.850,PULL,1.0000,EXECUTED_SUCCESS,0.00,LIFTCARBACKWARD,None
2026-09-02 11:36:13.936,RIGHT,1.0000,EXECUTED_SUCCESS,0.00,LIFTCARRIGHT,None
2026-09-02 11:36:15.985,LEFT,1.0000,EXECUTED_SUCCESS,0.00,LIFTCARLEFT,None
2026-09-03 09:49:36.047,PUSH,1.0000,EXECUTED_SUCCESS,0.00,LIFTCARFORWARD,None
2026-09-03 09:49:39.530,STOP,1.0000,EXECUTED_SUCCESS,0.00,LIFTCARSTOP,None
2026-09-03 09:49:42.312,PUSH,1.0000,EXECUTED_SUCCESS,0.00,LIFTCARFORWARD,None
2026-09-03 14:00:49.214,PUSH,1.0000,EXECUTED_SUCCESS,0.00,LIFTCARFORWARD,None
2026-09-03 14:00:51.725,STOP,1.0000,EXECUTED_SUCCESS,0.00,LIFTCARSTOP,None
2026-09-03 14:00:53.477,PUSH,1.0000,EXECUTED_SUCCESS,0.00,LIFTCARFORWARD,None
2026-09-03 11:28:51.902,PUSH,1.0000,EXECUTED_SUCCESS,0.00,LIFTCARFORWARD,None
2026-09-03 11:29:07.838,PUSH,1.0000,EXECUTED_SUCCESS,0.00,LIFTCARFORWARD,None
2026-09-03 11:29:19.861,PUSH,1.0000,EXECUTED_SUCCESS,0.00,LIFTCARFORWARD,None
2026-09-03 11:29:22.070,PULL,1.0000,EXECUTED_SUCCESS,0.00,LIFTCARBACKWARD,None
2026-09-03 11:29:26.020,PUSH,1.0000,EXECUTED_SUCCESS,0.00,LIFTCARFORWARD,None
2026-09-03 11:29:32.565,PUSH,1.0000,EXECUTED_SUCCESS,0.00,LIFTCARFORWARD,None
2026-09-03 11:29:34.746,RIGHT,1.0000,EXECUTED_SUCCESS,0.00,LIFTCARRIGHT,None
2026-09-03 11:29:39.171,RIGHT,1.0000,EXECUTED_SUCCESS,0.00,LIFTCARRIGHT,None
2026-09-03 11:29:41.931,LEFT,1.0000,EXECUTED_SUCCESS,0.00,LIFTCARLEFT,None
2026-09-03 11:29:55.115,LEFT,1.0000,EXECUTED_SUCCESS,0.00,LIFTCARLEFT,None
2026-09-03 11:29:58.089,RIGHT,1.0000,EXECUTED_SUCCESS,0.00,LIFTCARRIGHT,None
2026-09-03 11:44:38.918,PUSH,1.0000,EXECUTED_SUCCESS,0.00,LIFTCARFORWARD,None
2026-09-03 11:44:42.856,LEFT,1.0000,EXECUTED_SUCCESS,0.00,LIFTCARLEFT,None
2026-09-03 11:44:44.357,RIGHT,1.0000,EXECUTED_SUCCESS,0.00,LIFTCARRIGHT,None
2026-09-03 11:44:45.321,PULL,1.0000,EXECUTED_SUCCESS,0.00,LIFTCARBACKWARD,None
2026-09-03 11:44:47.158,STOP,1.0000,EXECUTED_SUCCESS,0.00,LIFTCARSTOP,None
2026-09-03 11:48:51.069,PUSH,1.0000,EXECUTED_SUCCESS,0.00,LIFTCARFORWARD,None
2026-09-03 11:49:17.252,PUSH,1.0000,EXECUTED_SUCCESS,0.00,LIFTCARFORWARD,None
2026-09-03 11:49:21.655,PULL,1.0000,EXECUTED_SUCCESS,0.00,LIFTCARBACKWARD,None
2026-09-03 11:49:31.075,PULL,1.0000,EXECUTED_SUCCESS,0.00,LIFTCARBACKWARD,None
2026-09-03 11:49:41.162,STOP,1.0000,EXECUTED_SUCCESS,0.00,LIFTCARSTOP,None
2026-09-03 11:49:55.808,PUSH,1.0000,EXECUTED_SUCCESS,0.00,LIFTCARFORWARD,None
2026-09-03 11:50:28.122,PUSH,1.0000,EXECUTED_SUCCESS,0.00,LIFTCARFORWARD,None
2026-09-03 11:50:36.420,STOP,1.0000,EXECUTED_SUCCESS,0.00,LIFTCARSTOP,None
2026-09-03 11:50:47.242,PUSH,1.0000,EXECUTED_SUCCESS,0.00,LIFTCARFORWARD,None
2026-09-03 11:50:51.788,PULL,1.0000,EXECUTED_SUCCESS,0.00,LIFTCARBACKWARD,None
2026-09-03 11:50:55.814,PULL,1.0000,EXECUTED_SUCCESS,0.00,LIFTCARBACKWARD,None
2026-09-03 11:51:12.587,PUSH,1.0000,EXECUTED_SUCCESS,0.00,LIFTCARFORWARD,None
2026-09-03 11:51:23.714,PULL,1.0000,EXECUTED_SUCCESS,0.00,LIFTCARBACKWARD,None
2026-09-05 11:33:23.403,FORWARD,1.0000,EXECUTED_SUCCESS,0.00,LIFTCARFORWARD,None
2026-09-05 11:33:26.922,STOP,1.0000,EXECUTED_SUCCESS,0.00,LIFTCARSTOP,None
2026-09-05 11:33:29.676,FORWARD,1.0000,EXECUTED_SUCCESS,0.00,LIFTCARFORWARD,None
2026-09-07 12:11:15.791,FORWARD,1.0000,EXECUTED_SUCCESS,0.00,LIFTCARFORWARD,None
2026-09-07 12:11:20.159,STOP,1.0000,EXECUTED_SUCCESS,0.00,LIFTCARSTOP,None
2026-09-07 12:11:22.944,FORWARD,1.0000,EXECUTED_SUCCESS,0.00,LIFTCARFORWARD,None
2026-09-07 13:29:46.145,FORWARD,1.0000,EXECUTED_SUCCESS,0.00,LIFTCARFORWARD,None
2026-09-07 13:29:49.818,STOP,1.0000,EXECUTED_SUCCESS,0.00,LIFTCARSTOP,None
2026-09-07 13:29:52.597,FORWARD,1.0000,EXECUTED_SUCCESS,0.00,LIFTCARFORWARD,None
2026-09-07 15:58:52.014,FORWARD,1.0000,EXECUTED_SUCCESS,0.00,LIFTCARFORWARD,None
2026-09-07 15:58:55.605,STOP,1.0000,EXECUTED_SUCCESS,0.00,LIFTCARSTOP,None
2026-09-07 15:58:58.410,FORWARD,1.0000,EXECUTED_SUCCESS,0.00,LIFTCARFORWARD,None
2026-09-07 15:59:48.877,FORWARD,1.0000,EXECUTED_SUCCESS,0.00,LIFTCARFORWARD,None
2026-09-07 15:59:52.487,STOP,1.0000,EXECUTED_SUCCESS,0.00,LIFTCARSTOP,None
2026-09-07 15:59:55.376,FORWARD,1.0000,EXECUTED_SUCCESS,0.00,LIFTCARFORWARD,None
2026-09-09 11:10:17.361,FORWARD,1.0000,EXECUTED_SUCCESS,0.00,LIFTCARFORWARD,None
2026-09-09 11:10:21.771,STOP,1.0000,EXECUTED_SUCCESS,0.00,LIFTCARSTOP,None
2026-09-09 11:10:24.893,FORWARD,1.0000,EXECUTED_SUCCESS,0.00,LIFTCARFORWARD,None
2026-09-10 14:00:35.640,FORWARD,1.0000,EXECUTED_SUCCESS,0.00,LIFTCARFORWARD,None
2026-09-10 14:00:40.346,STOP,1.0000,EXECUTED_SUCCESS,0.00,LIFTCARSTOP,None
2026-09-10 14:00:43.256,FORWARD,1.0000,EXECUTED_SUCCESS,0.00,LIFTCARFORWARD,None
2026-09-10 14:00:47.460,FORWARD,1.0000,EXECUTED_SUCCESS,0.00,LIFTCARFORWARD,None
2026-09-10 14:00:51.056,LEFT,1.0000,EXECUTED_SUCCESS,0.00,LIFTCARLEFT,None
2026-09-10 14:00:53.856,RIGHT,1.0000,EXECUTED_SUCCESS,0.00,LIFTCARRIGHT,None
2026-09-10 14:00:59.349,BACKWARD,1.0000,EXECUTED_SUCCESS,0.00,LIFTCARBACKWARD,None
2026-09-10 14:01:01.392,LEFT,1.0000,EXECUTED_SUCCESS,0.00,LIFTCARLEFT,None
2026-09-10 14:01:03.461,RIGHT,1.0000,EXECUTED_SUCCESS,0.00,LIFTCARRIGHT,None
2026-09-10 14:01:10.602,STOP,1.0000,EXECUTED_SUCCESS,0.00,LIFTCARSTOP,None
2026-09-15 12:10:45.656,FORWARD,1.0000,EXECUTED_SUCCESS,0.00,LIFTCARFORWARD,None
2026-09-15 12:10:47.682,BACKWARD,1.0000,EXECUTED_SUCCESS,0.00,LIFTCARBACKWARD,None
2026-09-15 12:10:49.704,LEFT,1.0000,EXECUTED_SUCCESS,0.00,LIFTCARLEFT,None
2026-09-15 12:10:51.737,RIGHT,1.0000,EXECUTED_SUCCESS,0.00,LIFTCARRIGHT,None
2026-09-15 12:10:53.771,STOP,1.0000,EXECUTED_SUCCESS,0.00,LIFTCARSTOP,None
2026-09-15 12:11:23.552,FORWARD,1.0000,IGNORED_DEBOUNCED (0.004s < 0.1s),0.00,FORWARD,None
2026-09-15 12:11:23.556,FORWARD,1.0000,IGNORED_DEBOUNCED (0.007s < 0.1s),0.00,FORWARD,None
2026-09-15 12:11:23.562,FORWARD,1.0000,IGNORED_DEBOUNCED (0.013s < 0.1s),0.00,FORWARD,None
2026-09-15 12:11:23.564,FORWARD,1.0000,IGNORED_DEBOUNCED (0.016s < 0.1s),0.00,FORWARD,None
2026-09-15 12:11:23.567,FORWARD,1.0000,IGNORED_DEBOUNCED (0.017s < 0.1s),0.00,FORWARD,None
2026-09-15 12:11:23.576,FORWARD,1.0000,IGNORED_DEBOUNCED (0.025s < 0.1s),0.00,FORWARD,None
2026-09-15 12:11:23.577,FORWARD,1.0000,IGNORED_DEBOUNCED (0.026s < 0.1s),0.00,FORWARD,None
2026-09-15 12:11:23.583,FORWARD,1.0000,IGNORED_DEBOUNCED (0.032s < 0.1s),0.00,FORWARD,None
2026-09-15 12:11:23.585,FORWARD,1.0000,IGNORED_DEBOUNCED (0.034s < 0.1s),0.00,FORWARD,None
2026-09-15 12:11:23.592,FORWARD,1.0000,IGNORED_DEBOUNCED (0.044s < 0.1s),0.00,FORWARD,None
2026-09-15 12:11:23.596,FORWARD,1.0000,IGNORED_DEBOUNCED (0.048s < 0.1s),0.00,FORWARD,None
2026-09-15 12:11:23.599,FORWARD,1.0000,IGNORED_DEBOUNCED (0.047s < 0.1s),0.00,FORWARD,None
2026-09-15 12:11:23.599,FORWARD,1.0000,IGNORED_DEBOUNCED (0.051s < 0.1s),0.00,FORWARD,None
2026-09-15 12:11:23.606,FORWARD,1.0000,IGNORED_DEBOUNCED (0.058s < 0.1s),0.00,FORWARD,None
2026-09-15 12:11:23.607,FORWARD,1.0000,IGNORED_DEBOUNCED (0.059s < 0.1s),0.00,FORWARD,None
2026-09-15 12:11:23.613,FORWARD,1.0000,IGNORED_DEBOUNCED (0.064s < 0.1s),0.00,FORWARD,None
2026-09-15 12:11:25.560,FORWARD,1.0000,EXECUTED_SUCCESS,0.00,LIFTCARFORWARD,None
2026-09-15 12:12:18.343,FORWARD,1.0000,IGNORED_DEBOUNCED (0.002s < 0.1s),0.00,FORWARD,None
2026-09-15 12:12:18.342,FORWARD,1.0000,IGNORED_DEBOUNCED (0.001s < 0.1s),0.00,FORWARD,None
2026-09-15 12:12:18.361,FORWARD,1.0000,IGNORED_DEBOUNCED (0.017s < 0.1s),0.00,FORWARD,None
2026-09-15 12:12:18.364,FORWARD,1.0000,IGNORED_DEBOUNCED (0.020s < 0.1s),0.00,FORWARD,None
2026-09-15 12:12:18.365,FORWARD,1.0000,IGNORED_DEBOUNCED (0.024s < 0.1s),0.00,FORWARD,None
2026-09-15 12:12:18.364,FORWARD,1.0000,IGNORED_DEBOUNCED (0.023s < 0.1s),0.00,FORWARD,None
2026-09-15 12:12:18.366,FORWARD,1.0000,IGNORED_DEBOUNCED (0.023s < 0.1s),0.00,FORWARD,None
2026-09-15 12:12:18.368,FORWARD,1.0000,IGNORED_DEBOUNCED (0.024s < 0.1s),0.00,FORWARD,None
2026-09-15 12:12:18.376,FORWARD,1.0000,IGNORED_DEBOUNCED (0.034s < 0.1s),0.00,FORWARD,None
2026-09-15 12:12:18.380,FORWARD,1.0000,IGNORED_DEBOUNCED (0.035s < 0.1s),0.00,FORWARD,None
2026-09-15 12:12:18.392,FORWARD,1.0000,IGNORED_DEBOUNCED (0.047s < 0.1s),0.00,FORWARD,None
2026-09-15 12:12:18.395,FORWARD,1.0000,IGNORED_DEBOUNCED (0.053s < 0.1s),0.00,FORWARD,None
2026-09-15 12:12:18.401,FORWARD,1.0000,IGNORED_DEBOUNCED (0.057s < 0.1s),0.00,FORWARD,None
2026-09-15 12:12:18.404,FORWARD,1.0000,IGNORED_DEBOUNCED (0.060s < 0.1s),0.00,FORWARD,None
2026-09-15 12:12:18.405,FORWARD,1.0000,IGNORED_DEBOUNCED (0.064s < 0.1s),0.00,FORWARD,None
2026-09-15 12:12:18.404,FORWARD,1.0000,IGNORED_DEBOUNCED (0.063s < 0.1s),0.00,FORWARD,None
2026-09-15 12:12:18.406,FORWARD,1.0000,IGNORED_DEBOUNCED (0.064s < 0.1s),0.00,FORWARD,None
2026-09-15 12:12:18.408,FORWARD,1.0000,IGNORED_DEBOUNCED (0.065s < 0.1s),0.00,FORWARD,None
2026-09-15 12:12:20.350,FORWARD,1.0000,EXECUTED_SUCCESS,0.00,LIFTCARFORWARD,None
2026-09-15 12:13:33.407,FORWARD,1.0000,IGNORED_DEBOUNCED (0.006s < 0.1s),0.00,FORWARD,None
2026-09-15 12:13:33.410,FORWARD,1.0000,IGNORED_DEBOUNCED (0.009s < 0.1s),0.00,FORWARD,None
2026-09-15 12:13:33.413,FORWARD,1.0000,IGNORED_DEBOUNCED (0.011s < 0.1s),0.00,FORWARD,None
2026-09-15 12:13:33.425,FORWARD,1.0000,IGNORED_DEBOUNCED (0.022s < 0.1s),0.00,FORWARD,None
2026-09-15 12:13:33.428,FORWARD,1.0000,IGNORED_DEBOUNCED (0.023s < 0.1s),0.00,FORWARD,None
2026-09-15 12:13:33.429,FORWARD,1.0000,IGNORED_DEBOUNCED (0.024s < 0.1s),0.00,FORWARD,None
2026-09-15 12:13:33.430,FORWARD,1.0000,IGNORED_DEBOUNCED (0.027s < 0.1s),0.00,FORWARD,None
2026-09-15 12:13:33.432,FORWARD,1.0000,IGNORED_DEBOUNCED (0.030s < 0.1s),0.00,FORWARD,None
2026-09-15 12:13:33.453,FORWARD,1.0000,IGNORED_DEBOUNCED (0.049s < 0.1s),0.00,FORWARD,None
2026-09-15 12:13:33.458,FORWARD,1.0000,IGNORED_DEBOUNCED (0.055s < 0.1s),0.00,FORWARD,None
2026-09-15 12:13:33.464,FORWARD,1.0000,IGNORED_DEBOUNCED (0.061s < 0.1s),0.00,FORWARD,None
2026-09-15 12:13:33.466,FORWARD,1.0000,IGNORED_DEBOUNCED (0.063s < 0.1s),0.00,FORWARD,None
2026-09-15 12:13:33.467,FORWARD,1.0000,IGNORED_DEBOUNCED (0.064s < 0.1s),0.00,FORWARD,None
2026-09-15 12:13:33.468,FORWARD,1.0000,IGNORED_DEBOUNCED (0.065s < 0.1s),0.00,FORWARD,None
2026-09-15 12:13:33.473,FORWARD,1.0000,IGNORED_DEBOUNCED (0.070s < 0.1s),0.00,FORWARD,None
2026-09-15 12:13:33.478,FORWARD,1.0000,IGNORED_DEBOUNCED (0.074s < 0.1s),0.00,FORWARD,None
2026-09-15 12:13:35.418,FORWARD,1.0000,EXECUTED_SUCCESS,0.00,LIFTCARFORWARD,None
2026-09-15 12:14:00.145,FORWARD,1.0000,EXECUTED_SUCCESS,0.00,LIFTCARFORWARD,None
2026-09-15 12:14:02.164,BACKWARD,1.0000,EXECUTED_SUCCESS,0.00,LIFTCARBACKWARD,None
2026-09-15 12:14:05.548,LEFT,1.0000,EXECUTED_SUCCESS,0.00,LIFTCARLEFT,None
2026-09-15 12:14:08.307,RIGHT,1.0000,EXECUTED_SUCCESS,0.00,LIFTCARRIGHT,None
2026-09-15 12:14:10.668,STOP,1.0000,EXECUTED_SUCCESS,0.00,LIFTCARSTOP,None
2026-09-15 12:15:52.645,FORWARD,1.0000,EXECUTED_SUCCESS,0.00,LIFTCARFORWARD,None
2026-09-15 12:15:54.666,BACKWARD,1.0000,EXECUTED_SUCCESS,0.00,LIFTCARBACKWARD,None
2026-09-15 12:15:56.704,LEFT,1.0000,EXECUTED_SUCCESS,0.00,LIFTCARLEFT,None
2026-09-15 12:15:58.725,RIGHT,1.0000,EXECUTED_SUCCESS,0.00,LIFTCARRIGHT,None
2026-09-15 12:16:00.752,STOP,1.0000,EXECUTED_SUCCESS,0.00,LIFTCARSTOP,None
2026-09-15 12:16:03.540,FORWARD,1.0000,EXECUTED_SUCCESS,0.00,LIFTCARFORWARD,None
2026-09-15 14:43:28.880,FORWARD,1.0000,IGNORED_DEBOUNCED (0.003s < 0.1s),0.00,FORWARD,None
2026-09-15 14:43:28.882,FORWARD,1.0000,IGNORED_DEBOUNCED (0.006s < 0.1s),0.00,FORWARD,None
2026-09-15 14:43:28.884,FORWARD,1.0000,IGNORED_DEBOUNCED (0.008s < 0.1s),0.00,FORWARD,None
2026-09-15 14:43:28.895,FORWARD,1.0000,IGNORED_DEBOUNCED (0.017s < 0.1s),0.00,FORWARD,None
2026-09-15 14:43:28.897,FORWARD,1.0000,IGNORED_DEBOUNCED (0.018s < 0.1s),0.00,FORWARD,None
2026-09-15 14:43:28.898,FORWARD,1.0000,IGNORED_DEBOUNCED (0.020s < 0.1s),0.00,FORWARD,None
2026-09-15 14:43:28.899,FORWARD,1.0000,IGNORED_DEBOUNCED (0.020s < 0.1s),0.00,FORWARD,None
2026-09-15 14:43:28.900,FORWARD,1.0000,IGNORED_DEBOUNCED (0.022s < 0.1s),0.00,FORWARD,None
2026-09-15 14:43:28.901,FORWARD,1.0000,IGNORED_DEBOUNCED (0.023s < 0.1s),0.00,FORWARD,None
2026-09-15 14:43:28.914,FORWARD,1.0000,IGNORED_DEBOUNCED (0.038s < 0.1s),0.00,FORWARD,None
2026-09-15 14:43:28.914,FORWARD,1.0000,IGNORED_DEBOUNCED (0.036s < 0.1s),0.00,FORWARD,None
2026-09-15 14:43:28.916,FORWARD,1.0000,IGNORED_DEBOUNCED (0.039s < 0.1s),0.00,FORWARD,None
2026-09-15 14:43:28.926,FORWARD,1.0000,IGNORED_DEBOUNCED (0.048s < 0.1s),0.00,FORWARD,None
2026-09-15 14:43:28.927,FORWARD,1.0000,IGNORED_DEBOUNCED (0.049s < 0.1s),0.00,FORWARD,None
2026-09-15 14:43:28.929,FORWARD,1.0000,IGNORED_DEBOUNCED (0.052s < 0.1s),0.00,FORWARD,None
2026-09-15 14:43:28.930,FORWARD,1.0000,IGNORED_DEBOUNCED (0.054s < 0.1s),0.00,FORWARD,None
2026-09-15 14:43:28.930,FORWARD,1.0000,IGNORED_DEBOUNCED (0.053s < 0.1s),0.00,FORWARD,None
2026-09-15 14:43:28.931,FORWARD,1.0000,IGNORED_DEBOUNCED (0.055s < 0.1s),0.00,FORWARD,None
2026-09-15 14:43:28.936,FORWARD,1.0000,IGNORED_DEBOUNCED (0.060s < 0.1s),0.00,FORWARD,None
2026-09-15 14:43:29.864,FORWARD,1.0000,EXECUTED_SUCCESS,0.00,LIFTCARFORWARD,None
2026-09-15 14:44:15.000,FORWARD,1.0000,EXECUTED_SUCCESS,0.00,LIFTCARFORWARD,None
2026-09-15 14:44:15.911,BACKWARD,1.0000,EXECUTED_SUCCESS,0.00,LIFTCARBACKWARD,None
2026-09-15 14:44:16.548,LEFT,1.0000,EXECUTED_SUCCESS,0.00,LIFTCARLEFT,None
2026-09-15 14:44:17.110,RIGHT,1.0000,EXECUTED_SUCCESS,0.00,LIFTCARRIGHT,None
2026-09-15 14:44:17.373,STOP,1.0000,EXECUTED_SUCCESS,0.00,LIFTCARSTOP,None
2026-09-15 14:44:19.614,FORWARD,1.0000,EXECUTED_SUCCESS,0.00,LIFTCARFORWARD,None
2026-09-15 14:44:43.533,FORWARD,1.0000,EXECUTED_SUCCESS,0.00,LIFTCARFORWARD,None
2026-09-15 14:44:46.341,STOP,1.0000,EXECUTED_SUCCESS,0.00,LIFTCARSTOP,None
2026-09-15 14:44:47.851,FORWARD,1.0000,EXECUTED_SUCCESS,0.00,LIFTCARFORWARD,None
2026-09-15 14:44:52.097,FORWARD,1.0000,EXECUTED_SUCCESS,0.00,LIFTCARFORWARD,None
2026-09-15 14:44:53.673,BACKWARD,1.0000,EXECUTED_SUCCESS,0.00,LIFTCARBACKWARD,None
2026-09-15 14:44:55.531,LEFT,1.0000,EXECUTED_SUCCESS,0.00,LIFTCARLEFT,None
2026-09-15 14:44:57.145,RIGHT,1.0000,EXECUTED_SUCCESS,0.00,LIFTCARRIGHT,None
2026-09-15 14:45:00.405,BACKWARD,1.0000,EXECUTED_SUCCESS,0.00,LIFTCARBACKWARD,None
2026-09-15 14:45:01.134,LEFT,1.0000,EXECUTED_SUCCESS,0.00,LIFTCARLEFT,None
2026-09-15 14:45:02.098,RIGHT,1.0000,EXECUTED_SUCCESS,0.00,LIFTCARRIGHT,None
2026-09-15 14:45:06.893,STOP,1.0000,EXECUTED_SUCCESS,0.00,LIFTCARSTOP,None
2026-09-15 14:56:34.291,FORWARD,1.0000,IGNORED_DEBOUNCED (0.001s < 0.1s),0.00,FORWARD,None
2026-09-15 14:56:34.303,FORWARD,1.0000,IGNORED_DEBOUNCED (0.012s < 0.1s),0.00,FORWARD,None
2026-09-15 14:56:34.303,FORWARD,1.0000,IGNORED_DEBOUNCED (0.013s < 0.1s),0.00,FORWARD,None
2026-09-15 14:56:34.304,FORWARD,1.0000,IGNORED_DEBOUNCED (0.015s < 0.1s),0.00,FORWARD,None
2026-09-15 14:56:34.304,FORWARD,1.0000,IGNORED_DEBOUNCED (0.014s < 0.1s),0.00,FORWARD,None
2026-09-15 14:56:34.304,FORWARD,1.0000,IGNORED_DEBOUNCED (0.012s < 0.1s),0.00,FORWARD,None
2026-09-15 14:56:34.304,FORWARD,1.0000,IGNORED_DEBOUNCED (0.015s < 0.1s),0.00,FORWARD,None
2026-09-15 14:56:34.304,FORWARD,1.0000,IGNORED_DEBOUNCED (0.014s < 0.1s),0.00,FORWARD,None
2026-09-15 14:56:34.305,FORWARD,1.0000,IGNORED_DEBOUNCED (0.014s < 0.1s),0.00,FORWARD,None
2026-09-15 14:56:34.318,FORWARD,1.0000,IGNORED_DEBOUNCED (0.028s < 0.1s),0.00,FORWARD,None
2026-09-15 14:56:34.321,FORWARD,1.0000,IGNORED_DEBOUNCED (0.031s < 0.1s),0.00,FORWARD,None
2026-09-15 14:56:34.327,FORWARD,1.0000,IGNORED_DEBOUNCED (0.037s < 0.1s),0.00,FORWARD,None
2026-09-15 14:56:34.329,FORWARD,1.0000,IGNORED_DEBOUNCED (0.039s < 0.1s),0.00,FORWARD,None
2026-09-15 14:56:34.336,FORWARD,1.0000,IGNORED_DEBOUNCED (0.045s < 0.1s),0.00,FORWARD,None
2026-09-15 14:56:34.337,FORWARD,1.0000,IGNORED_DEBOUNCED (0.047s < 0.1s),0.00,FORWARD,None
2026-09-15 14:56:34.339,FORWARD,1.0000,IGNORED_DEBOUNCED (0.047s < 0.1s),0.00,FORWARD,None
2026-09-15 14:56:34.340,FORWARD,1.0000,IGNORED_DEBOUNCED (0.049s < 0.1s),0.00,FORWARD,None
2026-09-15 14:56:34.340,FORWARD,1.0000,IGNORED_DEBOUNCED (0.050s < 0.1s),0.00,FORWARD,None
2026-09-15 14:56:34.344,FORWARD,1.0000,IGNORED_DEBOUNCED (0.055s < 0.1s),0.00,FORWARD,None
2026-09-15 14:56:36.296,FORWARD,1.0000,EXECUTED_SUCCESS,0.00,LIFTCARFORWARD,None
2026-09-15 14:57:29.895,FORWARD,1.0000,EXECUTED_SUCCESS,0.00,LIFTCARFORWARD,None
2026-09-15 14:57:30.808,BACKWARD,1.0000,EXECUTED_SUCCESS,0.00,LIFTCARBACKWARD,None
2026-09-15 14:57:31.414,LEFT,1.0000,EXECUTED_SUCCESS,0.00,LIFTCARLEFT,None
2026-09-15 14:57:32.574,RIGHT,1.0000,EXECUTED_SUCCESS,0.00,LIFTCARRIGHT,None
2026-09-15 14:57:33.580,STOP,1.0000,EXECUTED_SUCCESS,0.00,LIFTCARSTOP,None
2026-09-15 14:57:35.166,FORWARD,1.0000,EXECUTED_SUCCESS,0.00,LIFTCARFORWARD,None
2026-09-15 14:58:30.138,FORWARD,1.0000,EXECUTED_SUCCESS,0.00,LIFTCARFORWARD,None
2026-09-15 14:58:32.591,STOP,1.0000,EXECUTED_SUCCESS,0.00,LIFTCARSTOP,None
2026-09-15 14:58:34.225,FORWARD,1.0000,EXECUTED_SUCCESS,0.00,LIFTCARFORWARD,None
2026-09-15 14:58:39.175,FORWARD,1.0000,EXECUTED_SUCCESS,0.00,LIFTCARFORWARD,None
2026-09-15 14:58:40.935,BACKWARD,1.0000,EXECUTED_SUCCESS,0.00,LIFTCARBACKWARD,None
2026-09-15 14:58:42.524,LEFT,1.0000,EXECUTED_SUCCESS,0.00,LIFTCARLEFT,None
2026-09-15 14:58:44.186,RIGHT,1.0000,EXECUTED_SUCCESS,0.00,LIFTCARRIGHT,None
2026-09-15 14:58:47.977,BACKWARD,1.0000,EXECUTED_SUCCESS,0.00,LIFTCARBACKWARD,None
2026-09-15 14:58:49.870,LEFT,1.0000,EXECUTED_SUCCESS,0.00,LIFTCARLEFT,None
2026-09-15 14:58:50.726,RIGHT,1.0000,EXECUTED_SUCCESS,0.00,LIFTCARRIGHT,None
2026-09-15 14:58:56.854,STOP,1.0000,EXECUTED_SUCCESS,0.00,LIFTCARSTOP,None
2026-09-16 10:25:46.493,FORWARD,1.0000,IGNORED_DEBOUNCED (0.001s < 0.1s),0.00,FORWARD,None
2026-09-16 10:25:46.504,FORWARD,1.0000,IGNORED_DEBOUNCED (0.008s < 0.1s),0.00,FORWARD,None
2026-09-16 10:25:46.513,FORWARD,1.0000,IGNORED_DEBOUNCED (0.020s < 0.1s),0.00,FORWARD,None
2026-09-16 10:25:46.514,FORWARD,1.0000,IGNORED_DEBOUNCED (0.020s < 0.1s),0.00,FORWARD,None
2026-09-16 10:25:46.515,FORWARD,1.0000,IGNORED_DEBOUNCED (0.021s < 0.1s),0.00,FORWARD,None
2026-09-16 10:25:46.515,FORWARD,1.0000,IGNORED_DEBOUNCED (0.021s < 0.1s),0.00,FORWARD,None
2026-09-16 10:25:46.515,FORWARD,1.0000,IGNORED_DEBOUNCED (0.022s < 0.1s),0.00,FORWARD,None
2026-09-16 10:25:46.515,FORWARD,1.0000,IGNORED_DEBOUNCED (0.022s < 0.1s),0.00,FORWARD,None
2026-09-16 10:25:46.530,FORWARD,1.0000,IGNORED_DEBOUNCED (0.038s < 0.1s),0.00,FORWARD,None
2026-09-16 10:25:46.536,FORWARD,1.0000,IGNORED_DEBOUNCED (0.041s < 0.1s),0.00,FORWARD,None
2026-09-16 10:25:46.539,FORWARD,1.0000,IGNORED_DEBOUNCED (0.045s < 0.1s),0.00,FORWARD,None
2026-09-16 10:25:46.541,FORWARD,1.0000,IGNORED_DEBOUNCED (0.049s < 0.1s),0.00,FORWARD,None
2026-09-16 10:25:46.542,FORWARD,1.0000,IGNORED_DEBOUNCED (0.051s < 0.1s),0.00,FORWARD,None
2026-09-16 10:25:46.542,FORWARD,1.0000,IGNORED_DEBOUNCED (0.051s < 0.1s),0.00,FORWARD,None
2026-09-16 10:25:46.543,FORWARD,1.0000,IGNORED_DEBOUNCED (0.051s < 0.1s),0.00,FORWARD,None
2026-09-16 10:25:46.544,FORWARD,1.0000,IGNORED_DEBOUNCED (0.050s < 0.1s),0.00,FORWARD,None
2026-09-16 10:25:46.544,FORWARD,1.0000,IGNORED_DEBOUNCED (0.052s < 0.1s),0.00,FORWARD,None
2026-09-16 10:25:46.553,FORWARD,1.0000,IGNORED_DEBOUNCED (0.060s < 0.1s),0.00,FORWARD,None
2026-09-16 10:25:51.511,FORWARD,1.0000,EXECUTED_SUCCESS,0.00,LIFTCARFORWARD,None
2026-09-16 10:45:26.003,FORWARD,1.0000,IGNORED_DEBOUNCED (0.059s < 0.1s),0.00,FORWARD,None
2026-09-16 10:45:26.022,FORWARD,1.0000,IGNORED_DEBOUNCED (0.079s < 0.1s),0.00,FORWARD,None
2026-09-16 10:45:26.042,FORWARD,1.0000,IGNORED_DEBOUNCED (0.099s < 0.1s),0.00,FORWARD,None
2026-09-16 10:45:26.111,FORWARD,1.0000,IGNORED_DEBOUNCED (0.003s < 0.1s),0.00,FORWARD,None
2026-09-16 10:45:26.145,FORWARD,1.0000,IGNORED_DEBOUNCED (0.037s < 0.1s),0.00,FORWARD,None
2026-09-16 10:45:26.160,FORWARD,1.0000,IGNORED_DEBOUNCED (0.052s < 0.1s),0.00,FORWARD,None
2026-09-16 10:45:26.182,FORWARD,1.0000,IGNORED_DEBOUNCED (0.070s < 0.1s),0.00,FORWARD,None
2026-09-16 10:45:26.210,FORWARD,1.0000,IGNORED_DEBOUNCED (0.099s < 0.1s),0.00,FORWARD,None
2026-09-16 10:45:26.232,FORWARD,1.0000,IGNORED_DEBOUNCED (0.001s < 0.1s),0.00,FORWARD,None
2026-09-16 10:45:26.243,FORWARD,1.0000,IGNORED_DEBOUNCED (0.000s < 0.1s),0.00,FORWARD,None
2026-09-16 10:45:26.306,FORWARD,1.0000,IGNORED_DEBOUNCED (0.090s < 0.1s),0.00,FORWARD,None
2026-09-16 10:45:26.372,FORWARD,1.0000,IGNORED_DEBOUNCED (0.010s < 0.1s),0.00,FORWARD,None
2026-09-16 10:45:26.374,FORWARD,1.0000,IGNORED_DEBOUNCED (0.009s < 0.1s),0.00,FORWARD,None
2026-09-16 10:45:30.955,FORWARD,1.0000,EXECUTED_SUCCESS,0.00,LIFTCARFORWARD,None
2026-09-16 10:45:31.124,FORWARD,1.0000,EXECUTED_SUCCESS,0.00,LIFTCARFORWARD,None
2026-09-16 10:45:31.277,FORWARD,1.0000,EXECUTED_SUCCESS,0.00,LIFTCARFORWARD,None
2026-09-16 10:45:31.386,FORWARD,1.0000,EXECUTED_SUCCESS,0.00,LIFTCARFORWARD,None
2026-09-16 10:45:31.555,FORWARD,1.0000,EXECUTED_SUCCESS,0.00,LIFTCARFORWARD,None
2026-09-16 10:51:07.499,FORWARD,1.0000,EXECUTED_SUCCESS,0.00,LIFTCARFORWARD,None
2026-09-16 10:51:12.547,BACKWARD,1.0000,EXECUTED_SUCCESS,0.00,LIFTCARBACKWARD,None
2026-09-16 10:51:17.587,LEFT,1.0000,EXECUTED_SUCCESS,0.00,LIFTCARLEFT,None
2026-09-16 10:51:22.615,RIGHT,1.0000,EXECUTED_SUCCESS,0.00,LIFTCARRIGHT,None
2026-09-16 10:51:27.649,STOP,1.0000,EXECUTED_SUCCESS,0.00,LIFTCARSTOP,None
2026-09-16 10:51:42.687,FORWARD,1.0000,EXECUTED_SUCCESS,0.00,LIFTCARFORWARD,None
2026-09-16 10:54:25.835,FORWARD,1.0000,EXECUTED_SUCCESS,0.00,LIFTCARFORWARD,None
2026-09-16 10:55:15.152,STOP,1.0000,EXECUTED_SUCCESS,0.00,LIFTCARSTOP,None
2026-09-16 10:55:30.283,FORWARD,1.0000,EXECUTED_SUCCESS,0.00,LIFTCARFORWARD,None
2026-09-16 10:55:49.541,FORWARD,1.0000,IGNORED_DEBOUNCED (0.002s < 0.1s),0.00,FORWARD,None
2026-09-16 10:55:49.621,FORWARD,1.0000,IGNORED_DEBOUNCED (0.083s < 0.1s),0.00,FORWARD,None
2026-09-16 10:55:49.710,FORWARD,1.0000,IGNORED_DEBOUNCED (0.006s < 0.1s),0.00,FORWARD,None
2026-09-16 10:55:49.711,FORWARD,1.0000,IGNORED_DEBOUNCED (0.007s < 0.1s),0.00,FORWARD,None
2026-09-16 10:55:49.782,FORWARD,1.0000,IGNORED_DEBOUNCED (0.010s < 0.1s),0.00,FORWARD,None
2026-09-16 10:55:49.785,FORWARD,1.0000,IGNORED_DEBOUNCED (0.019s < 0.1s),0.00,FORWARD,None
2026-09-16 10:55:49.853,FORWARD,1.0000,IGNORED_DEBOUNCED (0.004s < 0.1s),0.00,FORWARD,None
2026-09-16 10:55:49.854,FORWARD,1.0000,IGNORED_DEBOUNCED (0.004s < 0.1s),0.00,FORWARD,None
2026-09-16 10:55:49.871,FORWARD,1.0000,IGNORED_DEBOUNCED (0.022s < 0.1s),0.00,FORWARD,None
2026-09-16 10:55:49.870,FORWARD,1.0000,IGNORED_DEBOUNCED (0.021s < 0.1s),0.00,FORWARD,None
2026-09-16 10:55:49.875,FORWARD,1.0000,IGNORED_DEBOUNCED (0.026s < 0.1s),0.00,FORWARD,None
2026-09-16 10:55:49.880,FORWARD,1.0000,IGNORED_DEBOUNCED (0.031s < 0.1s),0.00,FORWARD,None
2026-09-16 10:55:49.886,FORWARD,1.0000,IGNORED_DEBOUNCED (0.035s < 0.1s),0.00,FORWARD,None
2026-09-16 10:55:49.887,FORWARD,1.0000,IGNORED_DEBOUNCED (0.037s < 0.1s),0.00,FORWARD,None
2026-09-16 10:55:49.921,FORWARD,1.0000,IGNORED_DEBOUNCED (0.042s < 0.1s),0.00,FORWARD,None
2026-09-16 10:55:54.622,FORWARD,1.0000,EXECUTED_SUCCESS,0.00,LIFTCARFORWARD,None
2026-09-16 10:55:54.727,FORWARD,1.0000,EXECUTED_SUCCESS,0.00,LIFTCARFORWARD,None
2026-09-16 10:55:54.866,FORWARD,1.0000,EXECUTED_SUCCESS,0.00,LIFTCARFORWARD,None
2026-09-16 10:56:01.900,FORWARD,1.0000,EXECUTED_SUCCESS,0.00,LIFTCARFORWARD,None
2026-09-16 10:56:27.234,LEFT,1.0000,EXECUTED_SUCCESS,0.00,LIFTCARLEFT,None
2026-09-16 10:56:42.294,RIGHT,1.0000,EXECUTED_SUCCESS,0.00,LIFTCARRIGHT,None
2026-09-16 11:24:19.674,FORWARD,1.0000,IGNORED_DEBOUNCED (0.004s < 0.1s),0.00,FORWARD,None
2026-09-16 11:24:19.678,FORWARD,1.0000,IGNORED_DEBOUNCED (0.009s < 0.1s),0.00,FORWARD,None
2026-09-16 11:24:19.694,FORWARD,1.0000,IGNORED_DEBOUNCED (0.021s < 0.1s),0.00,FORWARD,None
2026-09-16 11:24:19.694,FORWARD,1.0000,IGNORED_DEBOUNCED (0.023s < 0.1s),0.00,FORWARD,None
2026-09-16 11:24:19.696,FORWARD,1.0000,IGNORED_DEBOUNCED (0.025s < 0.1s),0.00,FORWARD,None
2026-09-16 11:24:19.698,FORWARD,1.0000,IGNORED_DEBOUNCED (0.026s < 0.1s),0.00,FORWARD,None
2026-09-16 11:24:19.698,FORWARD,1.0000,IGNORED_DEBOUNCED (0.027s < 0.1s),0.00,FORWARD,None
2026-09-16 11:24:19.705,FORWARD,1.0000,IGNORED_DEBOUNCED (0.033s < 0.1s),0.00,FORWARD,None
2026-09-16 11:24:19.706,FORWARD,1.0000,IGNORED_DEBOUNCED (0.035s < 0.1s),0.00,FORWARD,None
2026-09-16 11:24:19.708,FORWARD,1.0000,IGNORED_DEBOUNCED (0.036s < 0.1s),0.00,FORWARD,None
2026-09-16 11:24:19.717,FORWARD,1.0000,IGNORED_DEBOUNCED (0.048s < 0.1s),0.00,FORWARD,None
2026-09-16 11:24:19.723,FORWARD,1.0000,IGNORED_DEBOUNCED (0.054s < 0.1s),0.00,FORWARD,None
2026-09-16 11:24:19.726,FORWARD,1.0000,IGNORED_DEBOUNCED (0.057s < 0.1s),0.00,FORWARD,None
2026-09-16 11:24:19.728,FORWARD,1.0000,IGNORED_DEBOUNCED (0.059s < 0.1s),0.00,FORWARD,None
2026-09-16 11:24:19.736,FORWARD,1.0000,IGNORED_DEBOUNCED (0.064s < 0.1s),0.00,FORWARD,None
2026-09-16 11:24:21.685,FORWARD,1.0000,EXECUTED_SUCCESS,0.00,LIFTCARFORWARD,None
2026-09-16 11:25:14.696,FORWARD,1.0000,EXECUTED_SUCCESS,0.00,LIFTCARFORWARD,None
2026-09-16 11:26:04.647,STOP,1.0000,EXECUTED_SUCCESS,0.00,LIFTCARSTOP,None
2026-09-16 11:26:07.440,FORWARD,1.0000,EXECUTED_SUCCESS,0.00,LIFTCARFORWARD,None
2026-09-16 11:26:16.099,LEFT,1.0000,EXECUTED_SUCCESS,0.00,LIFTCARLEFT,None
2026-09-16 11:26:27.087,STOP,1.0000,EXECUTED_SUCCESS,0.00,LIFTCARSTOP,None
2026-09-16 11:42:36.067,FORWARD,1.0000,IGNORED_DEBOUNCED (0.002s < 0.1s),0.00,FORWARD,None
2026-09-16 11:42:36.080,FORWARD,1.0000,IGNORED_DEBOUNCED (0.009s < 0.1s),0.00,FORWARD,None
2026-09-16 11:42:36.085,FORWARD,1.0000,IGNORED_DEBOUNCED (0.016s < 0.1s),0.00,FORWARD,None
2026-09-16 11:42:36.090,FORWARD,1.0000,IGNORED_DEBOUNCED (0.023s < 0.1s),0.00,FORWARD,None
2026-09-16 11:42:36.092,FORWARD,1.0000,IGNORED_DEBOUNCED (0.026s < 0.1s),0.00,FORWARD,None
2026-09-16 11:42:36.092,FORWARD,1.0000,IGNORED_DEBOUNCED (0.025s < 0.1s),0.00,FORWARD,None
2026-09-16 11:42:36.095,FORWARD,1.0000,IGNORED_DEBOUNCED (0.028s < 0.1s),0.00,FORWARD,None
2026-09-16 11:42:36.097,FORWARD,1.0000,IGNORED_DEBOUNCED (0.029s < 0.1s),0.00,FORWARD,None
2026-09-16 11:42:36.106,FORWARD,1.0000,IGNORED_DEBOUNCED (0.039s < 0.1s),0.00,FORWARD,None
2026-09-16 11:42:36.116,FORWARD,1.0000,IGNORED_DEBOUNCED (0.048s < 0.1s),0.00,FORWARD,None
2026-09-16 11:42:36.118,FORWARD,1.0000,IGNORED_DEBOUNCED (0.053s < 0.1s),0.00,FORWARD,None
2026-09-16 11:42:36.121,FORWARD,1.0000,IGNORED_DEBOUNCED (0.057s < 0.1s),0.00,FORWARD,None
2026-09-16 11:42:36.131,FORWARD,1.0000,IGNORED_DEBOUNCED (0.064s < 0.1s),0.00,FORWARD,None
2026-09-16 11:42:36.133,FORWARD,1.0000,IGNORED_DEBOUNCED (0.066s < 0.1s),0.00,FORWARD,None
2026-09-16 11:42:36.134,FORWARD,1.0000,IGNORED_DEBOUNCED (0.066s < 0.1s),0.00,FORWARD,None
2026-09-16 11:42:36.136,FORWARD,1.0000,IGNORED_DEBOUNCED (0.070s < 0.1s),0.00,FORWARD,None
2026-09-16 11:42:36.136,FORWARD,1.0000,IGNORED_DEBOUNCED (0.070s < 0.1s),0.00,FORWARD,None
2026-09-16 11:42:36.137,FORWARD,1.0000,IGNORED_DEBOUNCED (0.070s < 0.1s),0.00,FORWARD,None
2026-09-16 11:43:32.210,FORWARD,1.0000,EXECUTED_SUCCESS,0.00,LIFTCARFORWARD,None
2026-09-16 11:43:35.941,FORWARD,1.0000,EXECUTED_SUCCESS,0.00,LIFTCARFORWARD,None
2026-09-16 11:43:58.420,STOP,1.0000,EXECUTED_SUCCESS,0.00,LIFTCARSTOP,None
2026-09-16 11:44:01.197,FORWARD,1.0000,EXECUTED_SUCCESS,0.00,LIFTCARFORWARD,None
2026-09-16 11:44:08.161,LEFT,1.0000,EXECUTED_SUCCESS,0.00,LIFTCARLEFT,None
2026-09-16 11:44:17.491,STOP,1.0000,EXECUTED_SUCCESS,0.00,LIFTCARSTOP,None
2026-09-16 13:57:20.874,FORWARD,1.0000,EXECUTED_SUCCESS,0.00,LIFTCARFORWARD,None
2026-09-16 13:57:38.186,FORWARD,1.0000,IGNORED_DEBOUNCED (0.006s < 0.1s),0.00,FORWARD,None
2026-09-16 13:57:38.195,FORWARD,1.0000,IGNORED_DEBOUNCED (0.011s < 0.1s),0.00,FORWARD,None
2026-09-16 13:57:38.201,FORWARD,1.0000,IGNORED_DEBOUNCED (0.020s < 0.1s),0.00,FORWARD,None
2026-09-16 13:57:38.202,FORWARD,1.0000,IGNORED_DEBOUNCED (0.021s < 0.1s),0.00,FORWARD,None
2026-09-16 13:57:38.203,FORWARD,1.0000,IGNORED_DEBOUNCED (0.021s < 0.1s),0.00,FORWARD,None
2026-09-16 13:57:38.204,FORWARD,1.0000,IGNORED_DEBOUNCED (0.022s < 0.1s),0.00,FORWARD,None
2026-09-16 13:57:38.206,FORWARD,1.0000,IGNORED_DEBOUNCED (0.023s < 0.1s),0.00,FORWARD,None
2026-09-16 13:57:38.206,FORWARD,1.0000,IGNORED_DEBOUNCED (0.023s < 0.1s),0.00,FORWARD,None
2026-09-16 13:57:38.206,FORWARD,1.0000,IGNORED_DEBOUNCED (0.023s < 0.1s),0.00,FORWARD,None
2026-09-16 13:57:38.223,FORWARD,1.0000,IGNORED_DEBOUNCED (0.043s < 0.1s),0.00,FORWARD,None
2026-09-16 13:57:38.232,FORWARD,1.0000,IGNORED_DEBOUNCED (0.049s < 0.1s),0.00,FORWARD,None
2026-09-16 13:57:38.233,FORWARD,1.0000,IGNORED_DEBOUNCED (0.051s < 0.1s),0.00,FORWARD,None
2026-09-16 13:57:38.236,FORWARD,1.0000,IGNORED_DEBOUNCED (0.055s < 0.1s),0.00,FORWARD,None
2026-09-16 13:57:38.236,FORWARD,1.0000,IGNORED_DEBOUNCED (0.056s < 0.1s),0.00,FORWARD,None
2026-09-16 13:57:38.236,FORWARD,1.0000,IGNORED_DEBOUNCED (0.056s < 0.1s),0.00,FORWARD,None
2026-09-16 13:57:38.240,FORWARD,1.0000,IGNORED_DEBOUNCED (0.058s < 0.1s),0.00,FORWARD,None
2026-09-16 13:57:38.246,FORWARD,1.0000,IGNORED_DEBOUNCED (0.066s < 0.1s),0.00,FORWARD,None
2026-09-16 13:57:38.240,FORWARD,1.0000,IGNORED_DEBOUNCED (0.058s < 0.1s),0.00,FORWARD,None
2026-09-16 13:57:38.241,FORWARD,1.0000,IGNORED_DEBOUNCED (0.061s < 0.1s),0.00,FORWARD,None
2026-09-16 13:57:40.190,FORWARD,1.0000,EXECUTED_SUCCESS,0.00,LIFTCARFORWARD,None
2026-09-16 13:58:54.639,FORWARD,1.0000,EXECUTED_SUCCESS,0.00,LIFTCARFORWARD,None
2026-09-16 13:58:58.281,FORWARD,1.0000,EXECUTED_SUCCESS,0.00,LIFTCARFORWARD,None
2026-09-16 13:59:59.001,STOP,1.0000,EXECUTED_SUCCESS,0.00,LIFTCARSTOP,None
2026-09-16 14:00:06.418,FORWARD,1.0000,EXECUTED_SUCCESS,0.00,LIFTCARFORWARD,None
2026-09-16 14:00:38.746,FORWARD,1.0000,EXECUTED_SUCCESS,0.00,LIFTCARFORWARD,None
2026-09-16 14:00:53.318,LEFT,1.0000,EXECUTED_SUCCESS,0.00,LIFTCARLEFT,None
2026-09-16 14:01:03.040,RIGHT,1.0000,EXECUTED_SUCCESS,0.00,LIFTCARRIGHT,None
2026-09-16 14:02:30.539,STOP,1.0000,EXECUTED_SUCCESS,0.00,LIFTCARSTOP,None
2026-09-16 14:04:48.938,FORWARD,1.0000,EXECUTED_SUCCESS,0.00,LIFTCARFORWARD,None
2026-09-16 14:04:50.951,BACKWARD,1.0000,EXECUTED_SUCCESS,0.00,LIFTCARBACKWARD,None
2026-09-16 14:04:52.974,LEFT,1.0000,EXECUTED_SUCCESS,0.00,LIFTCARLEFT,None
2026-09-16 14:04:54.993,RIGHT,1.0000,EXECUTED_SUCCESS,0.00,LIFTCARRIGHT,None
2026-09-16 14:04:57.040,STOP,1.0000,EXECUTED_SUCCESS,0.00,LIFTCARSTOP,None
2026-09-16 14:04:59.888,FORWARD,1.0000,EXECUTED_SUCCESS,0.00,LIFTCARFORWARD,None
2026-09-16 14:39:19.507,FORWARD,1.0000,IGNORED_DEBOUNCED (0.021s < 0.1s),0.00,FORWARD,None
2026-09-16 14:39:19.507,FORWARD,1.0000,IGNORED_DEBOUNCED (0.023s < 0.1s),0.00,FORWARD,None
2026-09-16 14:39:19.509,FORWARD,1.0000,IGNORED_DEBOUNCED (0.025s < 0.1s),0.00,FORWARD,None
2026-09-16 14:39:19.509,FORWARD,1.0000,IGNORED_DEBOUNCED (0.025s < 0.1s),0.00,FORWARD,None
2026-09-16 14:39:19.510,FORWARD,1.0000,IGNORED_DEBOUNCED (0.026s < 0.1s),0.00,FORWARD,None
2026-09-16 14:39:19.510,FORWARD,1.0000,IGNORED_DEBOUNCED (0.026s < 0.1s),0.00,FORWARD,None
2026-09-16 14:39:19.510,FORWARD,1.0000,IGNORED_DEBOUNCED (0.026s < 0.1s),0.00,FORWARD,None
2026-09-16 14:39:19.509,FORWARD,1.0000,IGNORED_DEBOUNCED (0.025s < 0.1s),0.00,FORWARD,None
2026-09-16 14:39:19.510,FORWARD,1.0000,IGNORED_DEBOUNCED (0.026s < 0.1s),0.00,FORWARD,None
2026-09-16 14:39:19.531,FORWARD,1.0000,IGNORED_DEBOUNCED (0.046s < 0.1s),0.00,FORWARD,None
2026-09-16 14:39:19.546,FORWARD,1.0000,IGNORED_DEBOUNCED (0.062s < 0.1s),0.00,FORWARD,None
2026-09-16 14:39:19.546,FORWARD,1.0000,IGNORED_DEBOUNCED (0.062s < 0.1s),0.00,FORWARD,None
2026-09-16 14:39:19.546,FORWARD,1.0000,IGNORED_DEBOUNCED (0.062s < 0.1s),0.00,FORWARD,None
2026-09-16 14:39:19.548,FORWARD,1.0000,IGNORED_DEBOUNCED (0.063s < 0.1s),0.00,FORWARD,None
2026-09-16 14:39:19.548,FORWARD,1.0000,IGNORED_DEBOUNCED (0.064s < 0.1s),0.00,FORWARD,None
2026-09-16 14:39:19.549,FORWARD,1.0000,IGNORED_DEBOUNCED (0.064s < 0.1s),0.00,FORWARD,None
2026-09-16 14:39:19.549,FORWARD,1.0000,IGNORED_DEBOUNCED (0.064s < 0.1s),0.00,FORWARD,None
2026-09-16 14:39:19.551,FORWARD,1.0000,IGNORED_DEBOUNCED (0.065s < 0.1s),0.00,FORWARD,None
2026-09-16 14:39:19.557,FORWARD,1.0000,IGNORED_DEBOUNCED (0.074s < 0.1s),0.00,FORWARD,None
2026-09-16 14:39:21.502,FORWARD,1.0000,EXECUTED_SUCCESS,0.00,LIFTCARFORWARD,None
2026-09-16 14:39:38.532,FORWARD,1.0000,EXECUTED_SUCCESS,0.00,LIFTCARFORWARD,None
2026-09-16 14:39:40.545,BACKWARD,1.0000,EXECUTED_SUCCESS,0.00,LIFTCARBACKWARD,None
2026-09-16 14:39:42.564,LEFT,1.0000,EXECUTED_SUCCESS,0.00,LIFTCARLEFT,None
2026-09-16 14:39:44.585,RIGHT,1.0000,EXECUTED_SUCCESS,0.00,LIFTCARRIGHT,None
2026-09-16 14:39:46.601,STOP,1.0000,EXECUTED_SUCCESS,0.00,LIFTCARSTOP,None
2026-09-16 14:39:49.375,FORWARD,1.0000,EXECUTED_SUCCESS,0.00,LIFTCARFORWARD,None
2026-09-17 11:33:44.371,FORWARD,1.0000,IGNORED_DEBOUNCED (0.003s < 0.1s),0.00,FORWARD,None
2026-09-17 11:33:44.372,FORWARD,1.0000,IGNORED_DEBOUNCED (0.004s < 0.1s),0.00,FORWARD,None
2026-09-17 11:33:44.373,FORWARD,1.0000,IGNORED_DEBOUNCED (0.007s < 0.1s),0.00,FORWARD,None
2026-09-17 11:33:44.374,FORWARD,1.0000,IGNORED_DEBOUNCED (0.007s < 0.1s),0.00,FORWARD,None
2026-09-17 11:33:44.374,FORWARD,1.0000,IGNORED_DEBOUNCED (0.008s < 0.1s),0.00,FORWARD,None
2026-09-17 11:33:44.375,FORWARD,1.0000,IGNORED_DEBOUNCED (0.007s < 0.1s),0.00,FORWARD,None
2026-09-17 11:33:44.376,FORWARD,1.0000,IGNORED_DEBOUNCED (0.008s < 0.1s),0.00,FORWARD,None
2026-09-17 11:33:44.377,FORWARD,1.0000,IGNORED_DEBOUNCED (0.008s < 0.1s),0.00,FORWARD,None
2026-09-17 11:33:44.397,FORWARD,1.0000,IGNORED_DEBOUNCED (0.029s < 0.1s),0.00,FORWARD,None
2026-09-17 11:33:44.412,FORWARD,1.0000,IGNORED_DEBOUNCED (0.044s < 0.1s),0.00,FORWARD,None
2026-09-17 11:33:44.413,FORWARD,1.0000,IGNORED_DEBOUNCED (0.044s < 0.1s),0.00,FORWARD,None
2026-09-17 11:33:44.413,FORWARD,1.0000,IGNORED_DEBOUNCED (0.044s < 0.1s),0.00,FORWARD,None
2026-09-17 11:33:44.413,FORWARD,1.0000,IGNORED_DEBOUNCED (0.047s < 0.1s),0.00,FORWARD,None
2026-09-17 11:33:44.414,FORWARD,1.0000,IGNORED_DEBOUNCED (0.046s < 0.1s),0.00,FORWARD,None
2026-09-17 11:33:44.415,FORWARD,1.0000,IGNORED_DEBOUNCED (0.048s < 0.1s),0.00,FORWARD,None
2026-09-17 11:33:44.412,FORWARD,1.0000,IGNORED_DEBOUNCED (0.044s < 0.1s),0.00,FORWARD,None
2026-09-17 11:33:44.413,FORWARD,1.0000,IGNORED_DEBOUNCED (0.045s < 0.1s),0.00,FORWARD,None
2026-09-17 11:33:44.429,FORWARD,1.0000,IGNORED_DEBOUNCED (0.062s < 0.1s),0.00,FORWARD,None
2026-09-17 11:33:49.381,FORWARD,1.0000,EXECUTED_SUCCESS,0.00,LIFTCARFORWARD,None
2026-09-17 11:37:42.535,FORWARD,1.0000,IGNORED_DEBOUNCED (0.009s < 0.1s),0.00,FORWARD,None
2026-09-17 11:37:42.544,FORWARD,1.0000,IGNORED_DEBOUNCED (0.019s < 0.1s),0.00,FORWARD,None
2026-09-17 11:37:42.554,FORWARD,1.0000,IGNORED_DEBOUNCED (0.027s < 0.1s),0.00,FORWARD,None
2026-09-17 11:37:42.582,FORWARD,1.0000,IGNORED_DEBOUNCED (0.050s < 0.1s),0.00,FORWARD,None
2026-09-17 11:37:42.585,FORWARD,1.0000,IGNORED_DEBOUNCED (0.052s < 0.1s),0.00,FORWARD,None
2026-09-17 11:37:42.587,FORWARD,1.0000,IGNORED_DEBOUNCED (0.060s < 0.1s),0.00,FORWARD,None
2026-09-17 11:37:42.586,FORWARD,1.0000,IGNORED_DEBOUNCED (0.060s < 0.1s),0.00,FORWARD,None
2026-09-17 11:37:42.597,FORWARD,1.0000,IGNORED_DEBOUNCED (0.061s < 0.1s),0.00,FORWARD,None
2026-09-17 11:37:42.599,FORWARD,1.0000,IGNORED_DEBOUNCED (0.071s < 0.1s),0.00,FORWARD,None
2026-09-17 11:37:42.603,FORWARD,1.0000,IGNORED_DEBOUNCED (0.073s < 0.1s),0.00,FORWARD,None
2026-09-17 11:37:42.619,FORWARD,1.0000,IGNORED_DEBOUNCED (0.085s < 0.1s),0.00,FORWARD,None
2026-09-17 11:37:42.633,FORWARD,1.0000,IGNORED_DEBOUNCED (0.098s < 0.1s),0.00,FORWARD,None
2026-09-17 11:37:42.663,FORWARD,1.0000,IGNORED_DEBOUNCED (0.005s < 0.1s),0.00,FORWARD,None
2026-09-17 11:37:42.664,FORWARD,1.0000,IGNORED_DEBOUNCED (0.009s < 0.1s),0.00,FORWARD,None
2026-09-17 11:37:42.664,FORWARD,1.0000,IGNORED_DEBOUNCED (0.008s < 0.1s),0.00,FORWARD,None
2026-09-17 11:37:42.666,FORWARD,1.0000,IGNORED_DEBOUNCED (0.011s < 0.1s),0.00,FORWARD,None
2026-09-17 11:37:47.547,FORWARD,1.0000,EXECUTED_SUCCESS,0.00,LIFTCARFORWARD,None
2026-09-17 11:37:47.671,FORWARD,1.0000,EXECUTED_SUCCESS,0.00,LIFTCARFORWARD,None
2026-09-17 11:38:20.730,FORWARD,1.0000,EXECUTED_SUCCESS,0.00,LIFTCARFORWARD,None
2026-09-17 11:38:25.758,BACKWARD,1.0000,EXECUTED_SUCCESS,0.00,LIFTCARBACKWARD,None
2026-09-17 11:38:31.825,LEFT,1.0000,EXECUTED_SUCCESS,0.00,LIFTCARLEFT,None
2026-09-17 11:38:36.856,RIGHT,1.0000,EXECUTED_SUCCESS,0.00,LIFTCARRIGHT,None
2026-09-17 11:38:42.049,STOP,1.0000,EXECUTED_SUCCESS,0.00,LIFTCARSTOP,None
2026-09-17 11:38:57.078,FORWARD,1.0000,EXECUTED_SUCCESS,0.00,LIFTCARFORWARD,None
2026-09-17 11:41:27.091,FORWARD,1.0000,EXECUTED_SUCCESS,0.00,LIFTCARFORWARD,None
2026-09-17 11:41:52.203,STOP,1.0000,EXECUTED_SUCCESS,0.00,LIFTCARSTOP,None
2026-09-17 11:42:07.336,FORWARD,1.0000,EXECUTED_SUCCESS,0.00,LIFTCARFORWARD,None
2026-09-17 11:42:12.229,FORWARD,1.0000,EXECUTED_SUCCESS,0.00,LIFTCARFORWARD,None
2026-09-17 11:42:17.347,BACKWARD,1.0000,EXECUTED_SUCCESS,0.00,LIFTCARBACKWARD,None
2026-09-17 11:42:22.409,LEFT,1.0000,EXECUTED_SUCCESS,0.00,LIFTCARLEFT,None
2026-09-17 11:42:27.595,RIGHT,1.0000,EXECUTED_SUCCESS,0.00,LIFTCARRIGHT,None
2026-09-17 11:42:32.648,STOP,1.0000,EXECUTED_SUCCESS,0.00,LIFTCARSTOP,None
2026-09-17 11:42:43.941,FORWARD,1.0000,EXECUTED_SUCCESS,0.00,LIFTCARFORWARD,None
2026-09-17 11:42:47.692,FORWARD,1.0000,EXECUTED_SUCCESS,0.00,LIFTCARFORWARD,None
2026-09-17 11:43:09.025,LEFT,1.0000,EXECUTED_SUCCESS,0.00,LIFTCARLEFT,None
2026-09-17 11:43:24.086,RIGHT,1.0000,EXECUTED_SUCCESS,0.00,LIFTCARRIGHT,None
2026-09-17 11:44:26.153,STOP,1.0000,EXECUTED_SUCCESS,0.00,LIFTCARSTOP,None
2026-09-17 11:44:43.894,STOP,1.0000,EXECUTED_SUCCESS,0.00,LIFTCARSTOP,None
2026-09-17 11:44:46.936,FORWARD,1.0000,EXECUTED_SUCCESS,0.00,LIFTCARFORWARD,None
2026-09-17 11:44:53.629,FORWARD,1.0000,IGNORED_DEBOUNCED (0.002s < 0.1s),0.00,FORWARD,None
2026-09-17 11:44:53.632,FORWARD,1.0000,IGNORED_DEBOUNCED (0.005s < 0.1s),0.00,FORWARD,None
2026-09-17 11:44:53.647,FORWARD,1.0000,IGNORED_DEBOUNCED (0.021s < 0.1s),0.00,FORWARD,None
2026-09-17 11:44:53.650,FORWARD,1.0000,IGNORED_DEBOUNCED (0.024s < 0.1s),0.00,FORWARD,None
2026-09-17 11:44:53.651,FORWARD,1.0000,IGNORED_DEBOUNCED (0.025s < 0.1s),0.00,FORWARD,None
2026-09-17 11:44:53.668,FORWARD,1.0000,IGNORED_DEBOUNCED (0.041s < 0.1s),0.00,FORWARD,None
2026-09-17 11:44:53.685,FORWARD,1.0000,IGNORED_DEBOUNCED (0.057s < 0.1s),0.00,FORWARD,None
2026-09-17 11:44:53.686,FORWARD,1.0000,IGNORED_DEBOUNCED (0.056s < 0.1s),0.00,FORWARD,None
2026-09-17 11:44:53.687,FORWARD,1.0000,IGNORED_DEBOUNCED (0.060s < 0.1s),0.00,FORWARD,None
2026-09-17 11:44:53.689,FORWARD,1.0000,IGNORED_DEBOUNCED (0.063s < 0.1s),0.00,FORWARD,None
2026-09-17 11:44:53.692,FORWARD,1.0000,IGNORED_DEBOUNCED (0.066s < 0.1s),0.00,FORWARD,None
2026-09-17 11:44:53.698,FORWARD,1.0000,IGNORED_DEBOUNCED (0.071s < 0.1s),0.00,FORWARD,None
2026-09-17 11:44:53.708,FORWARD,1.0000,IGNORED_DEBOUNCED (0.082s < 0.1s),0.00,FORWARD,None
2026-09-17 11:44:53.733,FORWARD,1.0000,IGNORED_DEBOUNCED (0.005s < 0.1s),0.00,FORWARD,None
2026-09-17 11:44:53.734,FORWARD,1.0000,IGNORED_DEBOUNCED (0.006s < 0.1s),0.00,FORWARD,None
2026-09-17 11:44:53.735,FORWARD,1.0000,IGNORED_DEBOUNCED (0.008s < 0.1s),0.00,FORWARD,None
2026-09-17 11:44:53.746,FORWARD,1.0000,IGNORED_DEBOUNCED (0.019s < 0.1s),0.00,FORWARD,None
2026-09-17 11:44:55.632,FORWARD,1.0000,EXECUTED_SUCCESS,0.00,LIFTCARFORWARD,None
2026-09-17 11:44:55.738,FORWARD,1.0000,EXECUTED_SUCCESS,0.00,LIFTCARFORWARD,None
2026-09-17 11:44:57.612,FORWARD,1.0000,EXECUTED_SUCCESS,0.00,LIFTCARFORWARD,None
2026-09-17 11:45:02.690,LEFT,1.0000,EXECUTED_SUCCESS,0.00,LIFTCARLEFT,None
2026-09-17 11:45:12.336,STOP,1.0000,EXECUTED_SUCCESS,0.00,LIFTCARSTOP,None
2026-09-17 11:46:14.502,FORWARD,1.0000,EXECUTED_SUCCESS,0.00,LIFTCARFORWARD,None
2026-09-17 11:46:16.719,BACKWARD,1.0000,EXECUTED_SUCCESS,0.00,LIFTCARBACKWARD,None
2026-09-17 11:46:18.749,LEFT,1.0000,EXECUTED_SUCCESS,0.00,LIFTCARLEFT,None
2026-09-17 11:46:20.773,RIGHT,1.0000,EXECUTED_SUCCESS,0.00,LIFTCARRIGHT,None
2026-09-17 11:46:22.799,STOP,1.0000,EXECUTED_SUCCESS,0.00,LIFTCARSTOP,None
2026-09-17 11:46:25.627,FORWARD,1.0000,EXECUTED_SUCCESS,0.00,LIFTCARFORWARD,None
2026-09-17 11:47:19.673,STOP,1.0000,EXECUTED_SUCCESS,0.00,LIFTCARSTOP,None
2026-09-17 11:47:22.516,FORWARD,1.0000,EXECUTED_SUCCESS,0.00,LIFTCARFORWARD,None
2026-09-17 11:48:09.023,FORWARD,1.0000,EXECUTED_SUCCESS,0.00,LIFTCARFORWARD,None
2026-09-17 11:48:33.432,STOP,1.0000,EXECUTED_SUCCESS,0.00,LIFTCARSTOP,None
2026-09-17 12:15:18.404,STOP,1.0000,EXECUTED_SUCCESS,0.00,LIFTCARSTOP,None
2026-09-17 12:15:21.217,FORWARD,1.0000,EXECUTED_SUCCESS,0.00,LIFTCARFORWARD,None
2026-09-17 15:57:16.955,STOP,1.0000,EXECUTED_SUCCESS,0.00,LIFTCARSTOP,None
2026-09-17 15:57:19.827,FORWARD,1.0000,EXECUTED_SUCCESS,0.00,LIFTCARFORWARD,None
2026-09-17 16:03:19.968,FORWARD,1.0000,EXECUTED_SUCCESS,0.00,LIFTCARFORWARD,None
2026-09-17 16:03:23.566,STOP,1.0000,EXECUTED_SUCCESS,0.00,LIFTCARSTOP,None
2026-09-17 16:03:26.436,FORWARD,1.0000,EXECUTED_SUCCESS,0.00,LIFTCARFORWARD,None
2026-09-17 16:03:45.254,FORWARD,1.0000,EXECUTED_SUCCESS,0.00,LIFTCARFORWARD,None
2026-09-17 16:03:47.276,BACKWARD,1.0000,EXECUTED_SUCCESS,0.00,LIFTCARBACKWARD,None
2026-09-17 16:03:49.305,LEFT,1.0000,EXECUTED_SUCCESS,0.00,LIFTCARLEFT,None
2026-09-17 16:03:51.349,RIGHT,1.0000,EXECUTED_SUCCESS,0.00,LIFTCARRIGHT,None
2026-09-17 16:03:53.365,STOP,1.0000,EXECUTED_SUCCESS,0.00,LIFTCARSTOP,None
2026-09-17 16:03:56.197,FORWARD,1.0000,EXECUTED_SUCCESS,0.00,LIFTCARFORWARD,None
2026-09-17 16:34:32.895,FORWARD,1.0000,IGNORED_DEBOUNCED (0.008s < 0.1s),0.00,FORWARD,None
2026-09-17 16:34:32.896,FORWARD,1.0000,IGNORED_DEBOUNCED (0.009s < 0.1s),0.00,FORWARD,None
2026-09-17 16:34:32.896,FORWARD,1.0000,IGNORED_DEBOUNCED (0.009s < 0.1s),0.00,FORWARD,None
2026-09-17 16:34:32.896,FORWARD,1.0000,IGNORED_DEBOUNCED (0.010s < 0.1s),0.00,FORWARD,None
2026-09-17 16:34:32.896,FORWARD,1.0000,IGNORED_DEBOUNCED (0.010s < 0.1s),0.00,FORWARD,None
2026-09-17 16:34:32.897,FORWARD,1.0000,IGNORED_DEBOUNCED (0.010s < 0.1s),0.00,FORWARD,None
2026-09-17 16:34:32.897,FORWARD,1.0000,IGNORED_DEBOUNCED (0.010s < 0.1s),0.00,FORWARD,None
2026-09-17 16:34:32.897,FORWARD,1.0000,IGNORED_DEBOUNCED (0.010s < 0.1s),0.00,FORWARD,None
2026-09-17 16:34:32.897,FORWARD,1.0000,IGNORED_DEBOUNCED (0.010s < 0.1s),0.00,FORWARD,None
2026-09-17 16:34:32.911,FORWARD,1.0000,IGNORED_DEBOUNCED (0.025s < 0.1s),0.00,FORWARD,None
2026-09-17 16:34:32.916,FORWARD,1.0000,IGNORED_DEBOUNCED (0.028s < 0.1s),0.00,FORWARD,None
2026-09-17 16:34:32.919,FORWARD,1.0000,IGNORED_DEBOUNCED (0.032s < 0.1s),0.00,FORWARD,None
2026-09-17 16:34:32.920,FORWARD,1.0000,IGNORED_DEBOUNCED (0.033s < 0.1s),0.00,FORWARD,None
2026-09-17 16:34:32.920,FORWARD,1.0000,IGNORED_DEBOUNCED (0.033s < 0.1s),0.00,FORWARD,None
2026-09-17 16:34:32.921,FORWARD,1.0000,IGNORED_DEBOUNCED (0.034s < 0.1s),0.00,FORWARD,None
2026-09-17 16:34:32.921,FORWARD,1.0000,IGNORED_DEBOUNCED (0.034s < 0.1s),0.00,FORWARD,None
2026-09-17 16:34:32.921,FORWARD,1.0000,IGNORED_DEBOUNCED (0.034s < 0.1s),0.00,FORWARD,None
2026-09-17 16:34:32.921,FORWARD,1.0000,IGNORED_DEBOUNCED (0.034s < 0.1s),0.00,FORWARD,None
2026-09-17 16:34:32.929,FORWARD,1.0000,IGNORED_DEBOUNCED (0.043s < 0.1s),0.00,FORWARD,None
2026-09-17 16:34:34.905,FORWARD,1.0000,EXECUTED_SUCCESS,0.00,LIFTCARFORWARD,None
2026-09-17 16:35:22.521,FORWARD,1.0000,EXECUTED_SUCCESS,0.00,LIFTCARFORWARD,None
2026-09-17 16:35:24.618,BACKWARD,1.0000,EXECUTED_SUCCESS,0.00,LIFTCARBACKWARD,None
2026-09-17 16:35:26.639,LEFT,1.0000,EXECUTED_SUCCESS,0.00,LIFTCARLEFT,None
2026-09-17 16:35:28.982,RIGHT,1.0000,EXECUTED_SUCCESS,0.00,LIFTCARRIGHT,None
2026-09-17 16:35:31.119,STOP,1.0000,EXECUTED_SUCCESS,0.00,LIFTCARSTOP,None
2026-09-17 16:35:34.259,FORWARD,1.0000,EXECUTED_SUCCESS,0.00,LIFTCARFORWARD,None
2026-09-18 12:13:31.422,FORWARD,1.0000,IGNORED_DEBOUNCED (0.001s < 0.1s),0.00,FORWARD,None
2026-09-18 12:13:31.428,FORWARD,1.0000,IGNORED_DEBOUNCED (0.007s < 0.1s),0.00,FORWARD,None
2026-09-18 12:13:31.432,FORWARD,1.0000,IGNORED_DEBOUNCED (0.008s < 0.1s),0.00,FORWARD,None
2026-09-18 12:13:31.438,FORWARD,1.0000,IGNORED_DEBOUNCED (0.016s < 0.1s),0.00,FORWARD,None
2026-09-18 12:13:31.440,FORWARD,1.0000,IGNORED_DEBOUNCED (0.016s < 0.1s),0.00,FORWARD,None
2026-09-18 12:13:31.441,FORWARD,1.0000,IGNORED_DEBOUNCED (0.019s < 0.1s),0.00,FORWARD,None
2026-09-18 12:13:31.441,FORWARD,1.0000,IGNORED_DEBOUNCED (0.018s < 0.1s),0.00,FORWARD,None
2026-09-18 12:13:31.444,FORWARD,1.0000,IGNORED_DEBOUNCED (0.019s < 0.1s),0.00,FORWARD,None
2026-09-18 12:13:31.442,FORWARD,1.0000,IGNORED_DEBOUNCED (0.021s < 0.1s),0.00,FORWARD,None
2026-09-18 12:13:31.455,FORWARD,1.0000,IGNORED_DEBOUNCED (0.031s < 0.1s),0.00,FORWARD,None
2026-09-18 12:13:31.459,FORWARD,1.0000,IGNORED_DEBOUNCED (0.036s < 0.1s),0.00,FORWARD,None
2026-09-18 12:13:31.462,FORWARD,1.0000,IGNORED_DEBOUNCED (0.038s < 0.1s),0.00,FORWARD,None
2026-09-18 12:13:31.463,FORWARD,1.0000,IGNORED_DEBOUNCED (0.039s < 0.1s),0.00,FORWARD,None
2026-09-18 12:13:31.461,FORWARD,1.0000,IGNORED_DEBOUNCED (0.038s < 0.1s),0.00,FORWARD,None
2026-09-18 12:13:31.464,FORWARD,1.0000,IGNORED_DEBOUNCED (0.042s < 0.1s),0.00,FORWARD,None
2026-09-18 12:13:31.472,FORWARD,1.0000,IGNORED_DEBOUNCED (0.051s < 0.1s),0.00,FORWARD,None
2026-09-18 12:13:31.475,FORWARD,1.0000,IGNORED_DEBOUNCED (0.052s < 0.1s),0.00,FORWARD,None
2026-09-18 12:13:31.475,FORWARD,1.0000,IGNORED_DEBOUNCED (0.050s < 0.1s),0.00,FORWARD,None
2026-09-18 12:13:31.478,FORWARD,1.0000,IGNORED_DEBOUNCED (0.056s < 0.1s),0.00,FORWARD,None
2026-09-18 12:13:33.436,FORWARD,1.0000,EXECUTED_SUCCESS,0.00,LIFTCARFORWARD,None
2026-09-18 12:14:19.501,FORWARD,1.0000,EXECUTED_SUCCESS,0.00,LIFTCARFORWARD,None
2026-09-18 12:14:21.524,BACKWARD,1.0000,EXECUTED_SUCCESS,0.00,LIFTCARBACKWARD,None
2026-09-18 12:14:23.542,LEFT,1.0000,EXECUTED_SUCCESS,0.00,LIFTCARLEFT,None
2026-09-18 12:14:25.570,RIGHT,1.0000,EXECUTED_SUCCESS,0.00,LIFTCARRIGHT,None
2026-09-18 12:14:27.599,STOP,1.0000,EXECUTED_SUCCESS,0.00,LIFTCARSTOP,None
2026-09-18 12:14:30.365,FORWARD,1.0000,EXECUTED_SUCCESS,0.00,LIFTCARFORWARD,None
2026-09-18 12:14:59.704,FORWARD,1.0000,EXECUTED_SUCCESS,0.00,LIFTCARFORWARD,None
2026-09-18 12:15:03.693,STOP,1.0000,EXECUTED_SUCCESS,0.00,LIFTCARSTOP,None
2026-09-18 12:15:06.450,FORWARD,1.0000,EXECUTED_SUCCESS,0.00,LIFTCARFORWARD,None
2026-09-18 12:15:21.346,STOP,1.0000,EXECUTED_SUCCESS,0.00,LIFTCARSTOP,None
2026-09-19 10:44:18.464,FORWARD,1.0000,IGNORED_DEBOUNCED (0.006s < 0.1s),0.00,FORWARD,None
2026-09-19 10:44:18.467,FORWARD,1.0000,IGNORED_DEBOUNCED (0.008s < 0.1s),0.00,FORWARD,None
2026-09-19 10:44:18.468,FORWARD,1.0000,IGNORED_DEBOUNCED (0.010s < 0.1s),0.00,FORWARD,None
2026-09-19 10:44:18.478,FORWARD,1.0000,IGNORED_DEBOUNCED (0.018s < 0.1s),0.00,FORWARD,None
2026-09-19 10:44:18.481,FORWARD,1.0000,IGNORED_DEBOUNCED (0.021s < 0.1s),0.00,FORWARD,None
2026-09-19 10:44:18.481,FORWARD,1.0000,IGNORED_DEBOUNCED (0.021s < 0.1s),0.00,FORWARD,None
2026-09-19 10:44:18.481,FORWARD,1.0000,IGNORED_DEBOUNCED (0.022s < 0.1s),0.00,FORWARD,None
2026-09-19 10:44:18.483,FORWARD,1.0000,IGNORED_DEBOUNCED (0.023s < 0.1s),0.00,FORWARD,None
2026-09-19 10:44:18.483,FORWARD,1.0000,IGNORED_DEBOUNCED (0.022s < 0.1s),0.00,FORWARD,None
2026-09-19 10:44:18.499,FORWARD,1.0000,IGNORED_DEBOUNCED (0.036s < 0.1s),0.00,FORWARD,None
2026-09-19 10:44:18.504,FORWARD,1.0000,IGNORED_DEBOUNCED (0.042s < 0.1s),0.00,FORWARD,None
2026-09-19 10:44:18.504,FORWARD,1.0000,IGNORED_DEBOUNCED (0.043s < 0.1s),0.00,FORWARD,None
2026-09-19 10:44:18.506,FORWARD,1.0000,IGNORED_DEBOUNCED (0.046s < 0.1s),0.00,FORWARD,None
2026-09-19 10:44:18.506,FORWARD,1.0000,IGNORED_DEBOUNCED (0.046s < 0.1s),0.00,FORWARD,None
2026-09-19 10:44:18.506,FORWARD,1.0000,IGNORED_DEBOUNCED (0.046s < 0.1s),0.00,FORWARD,None
2026-09-19 10:44:18.515,FORWARD,1.0000,IGNORED_DEBOUNCED (0.053s < 0.1s),0.00,FORWARD,None
2026-09-19 10:44:18.518,FORWARD,1.0000,IGNORED_DEBOUNCED (0.057s < 0.1s),0.00,FORWARD,None
2026-09-19 10:44:18.518,FORWARD,1.0000,IGNORED_DEBOUNCED (0.058s < 0.1s),0.00,FORWARD,None
2026-09-19 10:44:18.520,FORWARD,1.0000,IGNORED_DEBOUNCED (0.062s < 0.1s),0.00,FORWARD,None
2026-09-19 10:44:20.467,FORWARD,1.0000,EXECUTED_SUCCESS,0.00,LIFTCARFORWARD,None
2026-09-19 10:44:57.230,FORWARD,1.0000,EXECUTED_SUCCESS,0.00,LIFTCARFORWARD,None
2026-09-19 10:44:59.249,BACKWARD,1.0000,EXECUTED_SUCCESS,0.00,LIFTCARBACKWARD,None
2026-09-19 10:45:01.305,LEFT,1.0000,EXECUTED_SUCCESS,0.00,LIFTCARLEFT,None
2026-09-19 10:45:03.334,RIGHT,1.0000,EXECUTED_SUCCESS,0.00,LIFTCARRIGHT,None
2026-09-19 10:45:05.356,STOP,1.0000,EXECUTED_SUCCESS,0.00,LIFTCARSTOP,None
2026-09-19 10:45:08.158,FORWARD,1.0000,EXECUTED_SUCCESS,0.00,LIFTCARFORWARD,None
2026-09-19 10:46:12.666,FORWARD,1.0000,EXECUTED_SUCCESS,0.00,LIFTCARFORWARD,None
2026-09-19 10:46:16.381,STOP,1.0000,EXECUTED_SUCCESS,0.00,LIFTCARSTOP,None
2026-09-19 10:46:19.218,FORWARD,1.0000,EXECUTED_SUCCESS,0.00,LIFTCARFORWARD,None
2026-09-19 10:46:26.947,LEFT,1.0000,EXECUTED_SUCCESS,0.00,LIFTCARLEFT,None
2026-09-19 10:46:37.450,STOP,1.0000,EXECUTED_SUCCESS,0.00,LIFTCARSTOP,None
2026-09-19 14:53:07.858,FORWARD,1.0000,IGNORED_DEBOUNCED (0.011s < 0.1s),0.00,FORWARD,None
2026-09-19 14:53:07.862,FORWARD,1.0000,IGNORED_DEBOUNCED (0.016s < 0.1s),0.00,FORWARD,None
2026-09-19 14:53:07.861,FORWARD,1.0000,IGNORED_DEBOUNCED (0.014s < 0.1s),0.00,FORWARD,None
2026-09-19 14:53:07.866,FORWARD,1.0000,IGNORED_DEBOUNCED (0.019s < 0.1s),0.00,FORWARD,None
2026-09-19 14:53:07.867,FORWARD,1.0000,IGNORED_DEBOUNCED (0.020s < 0.1s),0.00,FORWARD,None
2026-09-19 14:53:07.878,FORWARD,1.0000,IGNORED_DEBOUNCED (0.029s < 0.1s),0.00,FORWARD,None
2026-09-19 14:53:07.879,FORWARD,1.0000,IGNORED_DEBOUNCED (0.030s < 0.1s),0.00,FORWARD,None
2026-09-19 14:53:07.879,FORWARD,1.0000,IGNORED_DEBOUNCED (0.031s < 0.1s),0.00,FORWARD,None
2026-09-19 14:53:07.879,FORWARD,1.0000,IGNORED_DEBOUNCED (0.029s < 0.1s),0.00,FORWARD,None
2026-09-19 14:53:07.891,FORWARD,1.0000,IGNORED_DEBOUNCED (0.041s < 0.1s),0.00,FORWARD,None
2026-09-19 14:53:07.897,FORWARD,1.0000,IGNORED_DEBOUNCED (0.049s < 0.1s),0.00,FORWARD,None
2026-09-19 14:53:07.898,FORWARD,1.0000,IGNORED_DEBOUNCED (0.050s < 0.1s),0.00,FORWARD,None
2026-09-19 14:53:07.898,FORWARD,1.0000,IGNORED_DEBOUNCED (0.050s < 0.1s),0.00,FORWARD,None
2026-09-19 14:53:07.898,FORWARD,1.0000,IGNORED_DEBOUNCED (0.051s < 0.1s),0.00,FORWARD,None
2026-09-19 14:53:07.912,FORWARD,1.0000,IGNORED_DEBOUNCED (0.062s < 0.1s),0.00,FORWARD,None
2026-09-19 14:53:07.916,FORWARD,1.0000,IGNORED_DEBOUNCED (0.069s < 0.1s),0.00,FORWARD,None
2026-09-19 14:53:07.916,FORWARD,1.0000,IGNORED_DEBOUNCED (0.070s < 0.1s),0.00,FORWARD,None
2026-09-19 14:53:07.916,FORWARD,1.0000,IGNORED_DEBOUNCED (0.068s < 0.1s),0.00,FORWARD,None
2026-09-19 14:53:07.925,FORWARD,1.0000,IGNORED_DEBOUNCED (0.079s < 0.1s),0.00,FORWARD,None
2026-09-19 14:53:09.864,FORWARD,1.0000,EXECUTED_SUCCESS,0.00,LIFTCARFORWARD,None
2026-09-22 11:10:44.325,FORWARD,1.0000,EXECUTED_SUCCESS,0.00,LIFTCARFORWARD,None
2026-09-22 11:10:46.345,BACKWARD,1.0000,EXECUTED_SUCCESS,0.00,LIFTCARBACKWARD,None
2026-09-22 11:10:48.376,LEFT,1.0000,EXECUTED_SUCCESS,0.00,LIFTCARLEFT,None
2026-09-22 11:10:50.407,RIGHT,1.0000,EXECUTED_SUCCESS,0.00,LIFTCARRIGHT,None
2026-09-22 11:10:52.443,STOP,1.0000,EXECUTED_SUCCESS,0.00,LIFTCARSTOP,None
2026-09-22 11:10:55.192,FORWARD,1.0000,EXECUTED_SUCCESS,0.00,LIFTCARFORWARD,None
2026-09-22 11:13:17.503,FORWARD,1.0000,EXECUTED_SUCCESS,0.00,LIFTCARFORWARD,None
2026-09-22 11:13:21.879,STOP,1.0000,EXECUTED_SUCCESS,0.00,LIFTCARSTOP,None
2026-09-22 11:13:24.561,FORWARD,1.0000,EXECUTED_SUCCESS,0.00,LIFTCARFORWARD,None
2026-09-22 11:42:48.880,FORWARD,1.0000,IGNORED_DEBOUNCED (0.002s < 0.1s),0.00,FORWARD,None
2026-09-22 11:42:48.892,FORWARD,1.0000,IGNORED_DEBOUNCED (0.008s < 0.1s),0.00,FORWARD,None
2026-09-22 11:42:48.893,FORWARD,1.0000,IGNORED_DEBOUNCED (0.012s < 0.1s),0.00,FORWARD,None
2026-09-22 11:42:48.896,FORWARD,1.0000,IGNORED_DEBOUNCED (0.016s < 0.1s),0.00,FORWARD,None
2026-09-22 11:42:48.896,FORWARD,1.0000,IGNORED_DEBOUNCED (0.018s < 0.1s),0.00,FORWARD,None
2026-09-22 11:42:48.897,FORWARD,1.0000,IGNORED_DEBOUNCED (0.019s < 0.1s),0.00,FORWARD,None
2026-09-22 11:42:48.898,FORWARD,1.0000,IGNORED_DEBOUNCED (0.017s < 0.1s),0.00,FORWARD,None
2026-09-22 11:42:48.900,FORWARD,1.0000,IGNORED_DEBOUNCED (0.019s < 0.1s),0.00,FORWARD,None
2026-09-22 11:42:48.902,FORWARD,1.0000,IGNORED_DEBOUNCED (0.022s < 0.1s),0.00,FORWARD,None
2026-09-22 11:42:48.918,FORWARD,1.0000,IGNORED_DEBOUNCED (0.039s < 0.1s),0.00,FORWARD,None
2026-09-22 11:42:48.919,FORWARD,1.0000,IGNORED_DEBOUNCED (0.040s < 0.1s),0.00,FORWARD,None
2026-09-22 11:42:48.921,FORWARD,1.0000,IGNORED_DEBOUNCED (0.043s < 0.1s),0.00,FORWARD,None
2026-09-22 11:42:48.942,FORWARD,1.0000,IGNORED_DEBOUNCED (0.059s < 0.1s),0.00,FORWARD,None
2026-09-22 11:42:48.945,FORWARD,1.0000,IGNORED_DEBOUNCED (0.064s < 0.1s),0.00,FORWARD,None
2026-09-22 11:42:48.943,FORWARD,1.0000,IGNORED_DEBOUNCED (0.061s < 0.1s),0.00,FORWARD,None
2026-09-22 11:42:48.947,FORWARD,1.0000,IGNORED_DEBOUNCED (0.067s < 0.1s),0.00,FORWARD,None
2026-09-22 11:42:48.948,FORWARD,1.0000,IGNORED_DEBOUNCED (0.070s < 0.1s),0.00,FORWARD,None
2026-09-22 11:42:48.950,FORWARD,1.0000,IGNORED_DEBOUNCED (0.069s < 0.1s),0.00,FORWARD,None
2026-09-22 11:42:48.950,FORWARD,1.0000,IGNORED_DEBOUNCED (0.072s < 0.1s),0.00,FORWARD,None
2026-09-22 11:42:50.901,FORWARD,1.0000,EXECUTED_SUCCESS,0.00,LIFTCARFORWARD,None
2026-09-22 11:43:27.986,FORWARD,1.0000,EXECUTED_SUCCESS,0.00,LIFTCARFORWARD,None
2026-09-22 11:43:30.014,BACKWARD,1.0000,EXECUTED_SUCCESS,0.00,LIFTCARBACKWARD,None
2026-09-22 11:43:32.043,LEFT,1.0000,EXECUTED_SUCCESS,0.00,LIFTCARLEFT,None
2026-09-22 11:43:34.082,RIGHT,1.0000,EXECUTED_SUCCESS,0.00,LIFTCARRIGHT,None
2026-09-22 11:43:36.111,STOP,1.0000,EXECUTED_SUCCESS,0.00,LIFTCARSTOP,None
2026-09-22 11:43:38.790,FORWARD,1.0000,EXECUTED_SUCCESS,0.00,LIFTCARFORWARD,None
2026-09-22 11:43:58.049,FORWARD,1.0000,EXECUTED_SUCCESS,0.00,LIFTCARFORWARD,None
2026-09-22 11:44:01.409,STOP,1.0000,EXECUTED_SUCCESS,0.00,LIFTCARSTOP,None
2026-09-22 11:44:04.110,FORWARD,1.0000,EXECUTED_SUCCESS,0.00,LIFTCARFORWARD,None
2026-09-22 11:44:11.214,RIGHT,1.0000,EXECUTED_SUCCESS,0.00,LIFTCARRIGHT,None
2026-09-22 11:44:19.343,STOP,1.0000,EXECUTED_SUCCESS,0.00,LIFTCARSTOP,None
2026-09-22 11:47:48.763,FORWARD,1.0000,EXECUTED_SUCCESS,0.00,LIFTCARFORWARD,None
2026-09-22 11:47:50.815,BACKWARD,1.0000,EXECUTED_SUCCESS,0.00,LIFTCARBACKWARD,None
2026-09-22 11:47:52.852,LEFT,1.0000,EXECUTED_SUCCESS,0.00,LIFTCARLEFT,None
2026-09-22 11:47:54.889,RIGHT,1.0000,EXECUTED_SUCCESS,0.00,LIFTCARRIGHT,None
2026-09-22 11:47:56.912,STOP,1.0000,EXECUTED_SUCCESS,0.00,LIFTCARSTOP,None
2026-09-22 11:47:59.615,FORWARD,1.0000,EXECUTED_SUCCESS,0.00,LIFTCARFORWARD,None
2026-09-22 12:13:39.392,FORWARD,1.0000,EXECUTED_SUCCESS,0.00,LIFTCARFORWARD,None
2026-09-22 12:13:42.896,STOP,1.0000,EXECUTED_SUCCESS,0.00,LIFTCARSTOP,None
2026-09-22 12:13:45.632,FORWARD,1.0000,EXECUTED_SUCCESS,0.00,LIFTCARFORWARD,None
2026-09-22 12:13:49.140,FORWARD,1.0000,EXECUTED_SUCCESS,0.00,LIFTCARFORWARD,None
2026-09-22 12:13:53.398,RIGHT,1.0000,EXECUTED_SUCCESS,0.00,LIFTCARRIGHT,None
